t,airborne,surv_connected,all_connected,sft,retention,aps,shadows,ready,min_batt,column_x
150.0,11,4,0,0,0.9318181818181819,2,3,27,1049.5,35.0
151.0,11,4,0,0,0.9318181818181819,2,3,27,1048.5,35.0
152.0,11,4,0,0,0.9318181818181819,2,3,27,1047.5,35.0
153.0,11,4,0,0,0.9318181818181819,2,3,27,1046.5,35.0
154.0,11,4,0,0,0.9318181818181819,2,3,27,1045.5,35.0
155.0,11,4,0,0,0.9318181818181819,2,3,27,1044.5,35.0
156.0,11,4,0,0,0.9318181818181819,2,3,27,1043.5,35.0
157.0,11,4,0,0,0.9318181818181819,2,3,27,1042.5,35.0
158.0,11,4,0,0,0.9318181818181819,2,3,27,1041.5,35.0
159.0,11,4,0,0,0.9318181818181819,2,3,27,1040.5,35.0
160.0,11,4,0,0,0.9318181818181819,2,3,27,1039.5,35.0
161.0,11,4,0,0,0.9318181818181819,2,3,27,1038.5,35.0
162.0,11,4,0,0,0.9772727272727273,1,3,27,1037.5,35.0
163.0,11,4,0,0,0.9772727272727273,1,3,27,1036.5,35.0
164.0,11,4,0,0,0.9772727272727273,1,3,27,1035.5,35.0
165.0,11,5,0,0,0.9772727272727273,1,3,27,1034.5,35.0
166.0,11,5,0,0,0.9272727272727272,3,3,27,1033.5,35.0
167.0,11,5,0,0,0.9272727272727272,3,3,27,1032.5,35.0
168.0,11,5,0,0,0.9272727272727272,3,3,27,1031.5,35.0
169.0,11,5,0,0,0.9272727272727272,3,3,27,1030.5,35.0
170.0,11,5,0,0,0.9272727272727272,3,3,27,1029.5,35.0
171.0,11,5,0,0,0.9272727272727272,3,3,27,1028.5,35.0
172.0,11,5,0,0,0.9272727272727272,3,3,27,1027.5,35.0
173.0,11,5,0,0,0.9272727272727272,3,3,27,1026.5,35.0
174.0,11,5,0,0,0.9272727272727272,3,3,27,1025.5,35.0
175.0,11,5,0,0,0.9272727272727272,3,3,27,1024.5,35.0
176.0,11,6,0,0,0.9272727272727272,3,3,27,1023.5,35.0
177.0,11,6,0,0,0.9090909090909091,3,3,27,1022.5,35.0
178.0,11,6,0,0,0.9090909090909091,3,3,27,1021.5,35.0
179.0,11,6,0,0,0.9090909090909091,3,3,27,1020.5,35.0
180.0,11,6,0,0,0.9090909090909091,3,3,27,1019.5,35.0
181.0,11,6,0,0,0.9090909090909091,3,3,27,1018.5,35.0
182.0,11,6,0,0,0.9090909090909091,3,3,27,1017.5,35.0
183.0,11,6,0,0,0.9090909090909091,3,3,27,1016.5,35.0
184.0,11,6,0,0,0.9090909090909091,3,3,27,1015.5,35.0
185.0,11,6,0,0,0.9090909090909091,3,3,27,1014.5,35.0
186.0,11,7,1,0,0.8701298701298701,4,3,27,1013.5,35.0
187.0,11,7,1,0,0.8701298701298701,4,3,27,1012.5,35.0
188.0,11,7,1,0,0.8701298701298701,4,3,27,1011.5,35.0
189.0,11,7,1,0,0.8701298701298701,4,3,27,1010.5,35.0
190.0,11,7,1,0,0.8701298701298701,4,3,27,1009.5,35.0
191.0,11,7,1,0,0.8701298701298701,4,3,27,1008.5,35.0
192.0,11,7,1,0,0.8701298701298701,4,3,27,1007.5,35.0
193.0,11,7,1,0,0.8701298701298701,4,3,27,1006.5,35.0
194.0,11,7,1,0,0.8701298701298701,4,3,27,1005.5,35.0
195.0,11,7,1,0,0.8701298701298701,4,3,27,1004.5,35.0
196.0,11,7,1,0,0.922077922077922,3,3,27,1003.5,35.0
197.0,11,7,1,0,0.922077922077922,3,3,27,1002.5,35.0
198.0,11,7,1,0,0.922077922077922,3,3,27,1001.5,35.0
199.0,11,7,1,0,0.922077922077922,3,3,27,1000.5,35.0
200.0,11,7,1,0,0.922077922077922,3,3,27,999.5,35.0
201.0,11,7,1,0,0.922077922077922,3,3,27,998.5,35.0
202.0,11,7,1,0,0.922077922077922,3,3,27,997.5,35.0
203.0,11,7,1,0,0.922077922077922,3,3,27,996.5,35.0
204.0,11,7,1,0,0.922077922077922,3,3,27,995.5,35.0
205.0,11,7,1,0,0.922077922077922,3,3,27,994.5,35.0
206.0,11,7,1,0,0.922077922077922,3,3,27,993.5,35.0
207.0,11,7,1,0,0.922077922077922,3,3,27,992.5,35.0
208.0,11,7,1,0,0.8961038961038961,4,3,27,991.5,35.0
209.0,11,7,1,0,0.8961038961038961,4,3,27,990.5,35.0
210.0,11,7,1,0,0.8961038961038961,4,3,27,989.5,35.0
211.0,11,7,1,0,0.8961038961038961,4,3,27,988.5,35.0
212.0,11,7,1,0,0.8961038961038961,4,3,27,987.5,35.0
213.0,11,7,1,0,0.8961038961038961,4,3,27,986.5,35.0
214.0,11,7,1,0,0.8961038961038961,4,3,27,985.5,35.0
215.0,11,7,1,0,0.8961038961038961,4,3,27,984.5,35.0
216.0,11,7,1,0,0.935064935064935,3,3,27,983.5,35.0
217.0,11,7,1,0,0.935064935064935,3,3,27,982.5,35.0
218.0,11,7,1,0,0.935064935064935,3,3,27,981.5,35.0
219.0,11,7,1,0,0.935064935064935,3,3,27,980.5,35.0
220.0,11,7,1,0,0.935064935064935,3,3,27,979.5,35.0
221.0,11,7,1,0,0.935064935064935,3,3,27,978.5,35.0
222.0,11,7,1,0,0.935064935064935,3,3,27,977.5,35.0
223.0,11,7,1,0,0.935064935064935,3,3,27,976.5,35.0
224.0,11,7,1,0,0.935064935064935,3,3,27,975.5,35.0
225.0,11,7,1,0,0.935064935064935,3,3,27,974.5,35.0
226.0,11,7,1,0,0.935064935064935,3,3,27,973.5,35.0
227.0,11,7,1,0,0.8961038961038961,4,3,27,972.5,35.0
228.0,11,7,1,0,0.8961038961038961,4,3,27,971.5,35.0
229.0,11,7,1,0,0.8961038961038961,4,3,27,970.5,35.0
230.0,11,7,1,0,0.8961038961038961,4,3,27,969.5,35.0
231.0,11,7,1,0,0.8961038961038961,4,3,27,968.5,35.0
232.0,11,7,1,0,0.8961038961038961,4,3,27,967.5,35.0
233.0,11,7,1,0,0.8961038961038961,4,3,27,966.5,35.0
234.0,11,7,1,0,0.8961038961038961,4,3,27,965.5,35.0
235.0,11,7,1,0,0.8961038961038961,4,3,27,964.5,35.0
236.0,11,7,1,0,0.8961038961038961,4,3,27,963.5,35.0
237.0,11,7,1,0,0.922077922077922,3,3,27,962.5,35.0
238.0,11,7,1,0,0.922077922077922,3,3,27,961.5,35.0
239.0,11,7,1,0,0.922077922077922,3,3,27,960.5,35.0
240.0,11,7,1,0,0.922077922077922,3,3,27,959.5,35.0
241.0,11,7,1,0,0.922077922077922,3,3,27,958.5,35.0
242.0,12,7,1,0,0.9285714285714286,3,3,15,957.5,35.0
243.0,12,7,1,0,0.9285714285714286,3,3,15,956.5,35.0
244.0,12,7,1,0,0.9285714285714286,3,3,15,955.5,35.0
245.0,12,7,1,0,0.9285714285714286,3,3,15,954.5,35.0
246.0,12,7,1,0,0.9285714285714286,3,3,15,953.5,35.0
247.0,12,7,1,0,0.9285714285714286,3,3,15,952.5,35.0
248.0,12,7,1,0,0.8809523809523809,4,3,15,951.5,35.0
249.0,12,7,1,0,0.8809523809523809,4,3,15,950.5,35.0
250.0,13,7,1,0,0.9340659340659341,3,3,15,949.5,35.0
251.0,13,7,1,0,0.9340659340659341,3,3,15,948.5,35.0
252.0,13,7,1,0,0.9340659340659341,3,3,15,947.5,35.0
253.0,13,7,1,0,0.9340659340659341,3,3,15,946.5,35.0
254.0,13,7,1,0,0.945054945054945,2,3,15,945.5,35.0
255.0,13,7,1,0,0.967032967032967,1,3,15,944.5,35.0
256.0,13,7,1,0,0.967032967032967,1,3,15,943.5,35.0
257.0,13,7,1,0,0.9560439560439561,2,3,15,942.5,35.0
258.0,14,7,1,0,0.9183673469387755,3,3,15,941.5,35.0
259.0,14,7,1,0,0.9183673469387755,3,3,15,940.5,35.0
260.0,14,7,1,0,0.9183673469387755,3,3,15,939.5,35.0
261.0,14,7,1,0,0.9183673469387755,3,3,15,938.5,35.0
262.0,14,7,1,0,0.9183673469387755,3,3,15,937.5,35.0
263.0,14,7,1,0,0.9183673469387755,3,3,15,936.5,35.0
264.0,14,7,1,0,0.9183673469387755,3,3,15,935.5,35.0
265.0,14,7,1,0,0.9489795918367347,2,3,15,934.5,35.0
266.0,15,7,1,0,0.9333333333333333,3,3,15,933.5,35.0
267.0,15,7,1,0,0.9333333333333333,3,3,15,932.5,35.0
268.0,15,7,1,0,0.9333333333333333,3,3,15,931.5,35.0
269.0,15,7,1,0,0.9333333333333333,3,3,15,930.5,35.0
270.0,15,7,1,0,0.9333333333333333,3,3,15,929.5,35.0
271.0,15,7,1,0,0.9333333333333333,3,3,15,928.5,35.0
272.0,15,7,1,0,0.9333333333333333,3,3,15,927.5,35.0
273.0,15,7,1,0,0.8857142857142857,4,3,15,926.5,35.0
274.0,16,7,1,0,0.8660714285714286,5,3,15,925.5,35.0
275.0,16,7,1,0,0.8660714285714286,5,3,15,924.5,35.0
276.0,16,7,1,0,0.8660714285714286,5,3,15,923.5,35.0
277.0,16,7,1,0,0.9017857142857143,4,3,15,922.5,35.0
278.0,16,7,1,0,0.9017857142857143,4,3,15,921.5,35.0
279.0,16,7,1,0,0.9017857142857143,4,3,15,920.5,35.0
280.0,16,7,1,0,0.9017857142857143,4,3,15,919.5,35.0
281.0,16,7,1,0,0.8660714285714286,5,3,15,918.5,35.0
282.0,17,7,1,0,0.8739495798319328,5,3,15,917.5,35.0
283.0,17,7,1,0,0.8739495798319328,5,3,15,916.5,35.0
284.0,17,7,1,0,0.8739495798319328,5,3,15,915.5,35.0
285.0,17,7,1,0,0.8739495798319328,5,3,15,914.5,35.0
286.0,17,7,1,0,0.8739495798319328,5,3,15,913.5,35.0
287.0,17,7,1,0,0.8739495798319328,5,3,15,912.5,35.0
288.0,17,7,1,0,0.8739495798319328,5,3,15,911.5,35.0
289.0,17,7,1,0,0.8739495798319328,5,3,15,910.5,35.0
290.0,18,7,1,0,0.8809523809523809,5,3,15,909.5,35.0
291.0,18,7,1,0,0.8809523809523809,5,3,15,908.5,35.0
292.0,18,7,1,0,0.8809523809523809,5,3,15,907.5,35.0
293.0,18,7,1,0,0.8809523809523809,5,3,15,906.5,35.499999999999886
294.0,18,7,1,0,0.8809523809523809,5,3,15,905.5,38.999999999999886
295.0,18,7,1,0,0.8809523809523809,5,3,15,904.5,42.499999999999886
296.0,18,7,1,0,0.8809523809523809,5,3,15,903.5,45.999999999999886
297.0,18,7,1,0,0.8809523809523809,5,3,15,902.5,49.499999999999886
298.0,19,7,1,0,0.8872180451127819,5,3,15,901.5,52.999999999999886
299.0,19,7,1,0,0.8872180451127819,5,3,15,900.5,56.49999999999988
300.0,19,7,1,0,0.8872180451127819,5,3,15,899.5,59.99999999999988
301.0,19,7,1,0,0.8872180451127819,5,3,15,898.5,63.49999999999988
302.0,19,7,1,0,0.8872180451127819,5,3,15,897.5,66.99999999999989
303.0,19,7,1,0,0.8872180451127819,5,3,15,896.5,70.49999999999989
304.0,19,7,1,0,0.8872180451127819,5,3,15,895.5,73.99999999999989
305.0,19,7,1,0,0.8872180451127819,5,3,15,894.5,77.49999999999987
306.0,20,7,1,0,0.8928571428571429,5,3,15,893.5,80.99999999999987
307.0,20,7,1,0,0.8928571428571429,5,3,15,892.5,84.49999999999987
308.0,20,7,1,0,0.8928571428571429,5,3,15,891.5,87.99999999999987
309.0,20,7,1,0,0.8928571428571429,5,3,15,890.5,91.49999999999987
310.0,20,7,1,0,0.8928571428571429,5,3,15,889.5,94.99999999999987
311.0,20,7,1,0,0.8928571428571429,5,3,15,888.5,98.49999999999987
312.0,20,7,1,0,0.8928571428571429,5,3,15,887.5,101.99999999999987
313.0,20,7,1,0,0.8928571428571429,5,3,15,886.5,105.49999999999987
314.0,21,7,1,0,0.8979591836734694,5,3,15,885.5,108.99999999999987
315.0,21,7,1,0,0.8979591836734694,5,3,15,884.5,112.49999999999987
316.0,21,7,1,0,0.8979591836734694,5,3,15,883.5,115.99999999999987
317.0,21,7,1,0,0.8979591836734694,5,3,15,882.5,119.49999999999986
318.0,21,7,1,0,0.8979591836734694,5,3,15,881.5,122.99999999999986
319.0,21,7,1,0,0.8979591836734694,5,3,15,880.5,126.49999999999986
320.0,21,7,1,0,0.8979591836734694,5,3,15,879.5,129.99999999999986
321.0,21,7,1,0,0.8979591836734694,5,3,15,878.5,133.49999999999986
322.0,22,7,1,0,0.9025974025974026,5,3,15,877.5,136.99999999999986
323.0,22,7,1,0,0.9025974025974026,5,3,15,876.5,140.49999999999986
324.0,22,7,1,0,0.9025974025974026,5,3,15,875.5,143.99999999999986
325.0,22,7,1,0,0.9025974025974026,5,3,15,874.5,147.49999999999986
326.0,22,7,1,0,0.9025974025974026,5,3,15,873.5,150.99999999999986
327.0,22,7,1,0,0.9025974025974026,5,3,15,872.5,154.49999999999986
328.0,22,7,1,0,0.9025974025974026,5,3,15,871.5,157.99999999999986
329.0,22,7,1,0,0.9025974025974026,5,3,15,870.5,161.49999999999986
330.0,23,7,1,0,0.906832298136646,5,3,15,869.5,164.99999999999986
331.0,23,7,1,0,0.906832298136646,5,3,15,868.5,168.49999999999986
332.0,23,7,1,0,0.906832298136646,5,3,15,867.5,171.99999999999986
333.0,23,7,1,0,0.906832298136646,5,3,15,866.5,175.49999999999986
334.0,23,7,1,0,0.906832298136646,5,3,15,865.5,178.99999999999986
335.0,23,7,1,0,0.906832298136646,5,3,15,864.5,182.49999999999986
336.0,23,7,1,0,0.906832298136646,5,3,15,863.5,185.99999999999986
337.0,23,7,1,0,0.906832298136646,5,3,15,862.5,189.49999999999986
338.0,23,7,1,0,0.906832298136646,5,3,15,861.5,192.99999999999986
339.0,23,7,1,0,0.906832298136646,5,3,15,860.5,196.49999999999986
340.0,23,7,1,0,0.906832298136646,5,3,15,859.5,199.99999999999986
341.0,23,7,1,0,0.906832298136646,5,3,15,858.5,203.49999999999983
342.0,23,7,1,0,0.906832298136646,5,3,15,857.5,206.99999999999983
343.0,23,7,1,0,0.906832298136646,5,3,15,856.5,210.49999999999983
344.0,23,7,1,0,0.8695652173913043,6,3,15,855.5,213.99999999999983
345.0,23,7,1,0,0.8695652173913043,6,3,15,854.5,217.49999999999983
346.0,23,7,1,0,0.8695652173913043,6,3,15,853.5,220.99999999999983
347.0,23,7,1,0,0.8695652173913043,6,3,15,852.5,224.49999999999983
348.0,23,7,1,0,0.8695652173913043,6,3,15,851.5,227.99999999999983
349.0,23,7,1,0,0.8695652173913043,6,3,15,850.5,231.49999999999983
350.0,23,7,1,0,0.8695652173913043,6,3,15,849.5,234.99999999999983
351.0,23,7,1,0,0.8695652173913043,6,3,15,848.5,238.49999999999983
352.0,23,7,1,0,0.8695652173913043,6,3,15,847.5,241.99999999999983
353.0,23,7,1,0,0.8695652173913043,6,3,15,846.5,245.49999999999983
354.0,23,7,1,0,0.8695652173913043,6,3,15,845.5,248.99999999999983
355.0,23,7,1,0,0.8695652173913043,6,3,15,844.5,252.49999999999983
356.0,23,7,1,0,0.8695652173913043,6,3,15,843.5,255.99999999999983
357.0,23,7,1,0,0.8695652173913043,6,3,15,842.5,259.49999999999983
358.0,23,7,1,0,0.906832298136646,5,3,15,841.5,262.99999999999983
359.0,23,7,1,0,0.906832298136646,5,3,15,840.5,266.49999999999983
360.0,23,7,1,0,0.906832298136646,5,3,15,839.5,269.99999999999983
361.0,23,7,1,0,0.906832298136646,5,3,15,838.5,273.49999999999983
362.0,23,7,1,0,0.906832298136646,5,3,15,837.5,276.99999999999983
363.0,23,7,1,0,0.906832298136646,5,3,15,836.5,280.49999999999983
364.0,23,7,1,0,0.906832298136646,5,3,15,835.5,283.99999999999983
365.0,23,7,1,0,0.906832298136646,5,3,15,834.5,287.49999999999983
366.0,23,7,1,0,0.906832298136646,5,3,15,833.5,290.99999999999983
367.0,23,7,1,0,0.906832298136646,5,3,15,832.5,294.49999999999983
368.0,23,7,1,0,0.906832298136646,5,3,15,831.5,297.99999999999983
369.0,23,7,1,0,0.906832298136646,5,3,15,830.5,301.49999999999983
370.0,23,7,1,0,0.906832298136646,5,3,15,829.5,304.99999999999983
371.0,23,7,1,0,0.906832298136646,5,3,15,828.5,308.49999999999983
372.0,23,7,1,0,0.906832298136646,5,3,15,827.5,311.99999999999983
373.0,23,7,1,0,0.906832298136646,5,3,15,826.5,315.49999999999983
374.0,23,7,1,0,0.906832298136646,5,3,15,825.5,318.99999999999983
375.0,23,7,1,0,0.8633540372670807,6,3,15,824.5,322.49999999999983
376.0,23,7,1,0,0.8633540372670807,6,3,15,823.5,325.99999999999983
377.0,23,7,1,0,0.8633540372670807,6,3,15,822.5,329.49999999999983
378.0,23,7,1,0,0.8633540372670807,6,3,15,821.5,332.99999999999983
379.0,23,7,1,0,0.8633540372670807,6,3,15,820.5,336.49999999999983
380.0,23,7,1,0,0.8633540372670807,6,3,15,819.5,339.99999999999983
381.0,23,7,1,0,0.8633540372670807,6,3,15,818.5,343.49999999999983
382.0,23,7,1,0,0.8633540372670807,6,3,15,817.5,346.99999999999983
383.0,23,7,1,0,0.8633540372670807,6,3,15,816.5,350.49999999999983
384.0,23,7,1,0,0.8633540372670807,6,3,15,815.5,353.99999999999983
385.0,23,7,1,0,0.8633540372670807,6,3,15,814.5,357.49999999999983
386.0,23,7,1,0,0.8633540372670807,6,3,15,813.5,360.99999999999983
387.0,23,7,1,0,0.8633540372670807,6,3,15,812.5,364.49999999999983
388.0,23,7,1,0,0.8633540372670807,6,3,15,811.5,367.99999999999983
389.0,23,7,1,0,0.8633540372670807,6,3,15,810.5,371.4999999999998
390.0,23,7,1,0,0.8633540372670807,6,3,15,809.5,374.9999999999998
391.0,23,7,1,0,0.8633540372670807,6,3,15,808.5,378.4999999999998
392.0,23,7,1,0,0.8633540372670807,6,3,15,807.5,381.9999999999998
393.0,23,7,1,0,0.8633540372670807,6,3,15,806.5,385.4999999999998
394.0,23,7,1,0,0.8198757763975155,7,3,15,805.5,388.9999999999998
395.0,23,7,1,0,0.8198757763975155,7,3,15,804.5,392.4999999999998
396.0,23,7,1,0,0.8198757763975155,7,3,15,803.5,395.9999999999998
397.0,23,7,1,0,0.8198757763975155,7,3,15,802.5,399.4999999999998
398.0,23,7,1,0,0.8198757763975155,7,3,15,801.5,402.9999999999998
399.0,23,7,1,0,0.8198757763975155,7,3,15,800.5,406.4999999999998
400.0,23,7,1,0,0.8198757763975155,7,3,15,799.5,409.9999999999998
401.0,23,7,1,0,0.8198757763975155,7,3,15,798.5,413.4999999999998
402.0,23,7,1,0,0.8198757763975155,7,3,15,797.5,416.9999999999998
403.0,23,7,1,0,0.8198757763975155,7,3,15,796.5,420.4999999999998
404.0,23,7,1,0,0.8198757763975155,7,3,15,795.5,423.9999999999998
405.0,23,7,1,0,0.8198757763975155,7,3,15,794.5,427.4999999999998
406.0,23,7,1,0,0.8198757763975155,7,3,15,793.5,430.9999999999998
407.0,23,7,1,0,0.8198757763975155,7,3,15,792.5,434.4999999999998
408.0,23,7,1,0,0.8198757763975155,7,3,15,791.5,437.9999999999998
409.0,23,7,1,0,0.7763975155279503,8,3,15,790.5,441.4999999999998
410.0,23,7,1,0,0.7763975155279503,8,3,15,789.5,444.9999999999998
411.0,23,7,1,0,0.7763975155279503,8,3,15,788.5,448.4999999999998
412.0,23,7,1,0,0.7763975155279503,8,3,15,787.5,451.9999999999998
413.0,23,7,1,0,0.7763975155279503,8,3,15,786.5,455.4999999999998
414.0,23,7,1,0,0.7763975155279503,8,3,15,785.5,458.9999999999998
415.0,23,7,1,0,0.7763975155279503,8,3,15,784.5,462.4999999999998
416.0,23,7,1,0,0.7763975155279503,8,3,15,783.5,465.9999999999998
417.0,23,7,1,0,0.7763975155279503,8,3,15,782.5,469.4999999999998
418.0,23,7,1,0,0.7763975155279503,8,3,15,781.5,472.9999999999998
419.0,23,7,1,0,0.7763975155279503,8,3,15,780.5,476.4999999999998
420.0,23,7,1,0,0.7763975155279503,8,3,15,779.5,479.9999999999998
421.0,23,7,1,0,0.7763975155279503,8,3,15,778.5,483.4999999999998
422.0,23,7,1,0,0.7763975155279503,8,3,15,777.5,486.9999999999998
423.0,23,7,1,0,0.7329192546583851,9,3,15,776.5,490.4999999999998
424.0,23,7,1,0,0.7329192546583851,9,3,15,775.5,493.9999999999998
425.0,23,7,1,0,0.7329192546583851,9,3,15,774.5,497.4999999999998
426.0,23,7,1,0,0.7329192546583851,9,3,15,773.5,500.9999999999998
427.0,23,7,1,0,0.7329192546583851,9,3,15,772.5,504.4999999999998
428.0,23,7,1,0,0.7329192546583851,9,3,15,771.5,507.9999999999998
429.0,23,7,1,0,0.7329192546583851,9,3,15,770.5,511.4999999999998
430.0,23,7,1,0,0.7329192546583851,9,3,15,769.5,514.9999999999998
431.0,23,7,1,0,0.7329192546583851,9,3,15,768.5,518.4999999999998
432.0,23,7,1,0,0.7329192546583851,9,3,15,767.5,521.9999999999998
433.0,23,7,1,0,0.7329192546583851,9,3,15,766.5,525.4999999999998
434.0,23,7,1,0,0.7329192546583851,9,3,15,765.5,528.9999999999998
435.0,23,7,1,0,0.7329192546583851,9,3,15,764.5,532.4999999999998
436.0,23,7,1,0,0.7329192546583851,9,3,15,763.5,535.9999999999998
437.0,23,7,1,0,0.7329192546583851,9,3,15,762.5,539.4999999999998
438.0,23,7,1,0,0.68944099378882,10,3,15,761.5,542.9999999999998
439.0,23,7,1,0,0.68944099378882,10,3,15,760.5,546.4999999999998
440.0,23,7,1,0,0.68944099378882,10,3,15,759.5,549.9999999999998
441.0,23,7,1,0,0.68944099378882,10,3,15,758.5,553.4999999999998
442.0,23,7,1,0,0.68944099378882,10,3,15,757.5,556.9999999999998
443.0,23,7,1,0,0.68944099378882,10,3,15,756.5,560.4999999999998
444.0,23,7,1,0,0.68944099378882,10,3,15,755.5,563.9999999999998
445.0,23,7,1,0,0.68944099378882,10,3,15,754.5,567.4999999999998
446.0,23,7,1,0,0.68944099378882,10,3,15,753.5,570.9999999999998
447.0,23,7,1,0,0.68944099378882,10,3,15,752.5,574.4999999999998
448.0,23,7,1,0,0.68944099378882,10,3,15,751.5,577.9999999999998
449.0,23,7,1,0,0.68944099378882,10,3,15,750.5,581.4999999999998
450.0,23,7,1,0,0.68944099378882,10,3,15,749.5,584.9999999999998
451.0,23,7,1,0,0.6024844720496895,12,3,15,748.5,588.4999999999998
452.0,23,7,1,0,0.6024844720496895,12,3,15,747.5,591.9999999999998
453.0,23,7,1,0,0.6024844720496895,12,3,15,746.5,595.4999999999998
454.0,23,7,1,0,0.6024844720496895,12,3,15,745.5,598.9999999999998
455.0,23,7,1,0,0.6024844720496895,12,3,15,744.5,602.4999999999998
456.0,23,7,1,0,0.6024844720496895,12,3,15,743.5,605.9999999999998
457.0,23,7,1,0,0.5590062111801242,13,3,15,742.5,609.4999999999998
458.0,23,7,1,0,0.5590062111801242,13,3,15,741.5,612.9999999999998
459.0,23,7,1,0,0.5590062111801242,13,3,15,740.5,616.4999999999998
460.0,23,7,1,0,0.5590062111801242,13,3,15,739.5,619.9999999999998
461.0,23,7,1,0,0.5590062111801242,13,3,15,738.5,623.4999999999998
462.0,23,7,1,0,0.5590062111801242,13,3,15,737.5,626.9999999999998
463.0,23,7,1,0,0.5590062111801242,13,3,15,736.5,630.4999999999998
464.0,23,7,1,0,0.5590062111801242,13,3,15,735.5,633.9999999999998
465.0,23,7,1,0,0.5590062111801242,13,3,15,734.5,637.4999999999998
466.0,23,7,1,0,0.5590062111801242,13,3,15,733.5,640.9999999999998
467.0,23,7,1,0,0.5590062111801242,13,3,15,732.5,644.4999999999998
468.0,23,7,1,0,0.5590062111801242,13,3,15,731.5,647.9999999999998
469.0,24,7,1,0,0.5773809523809523,13,3,14,730.5,651.4999999999998
470.0,24,7,1,0,0.5773809523809523,13,3,14,729.5,654.9999999999998
471.0,24,7,1,0,0.5773809523809523,13,3,14,728.5,658.4999999999998
472.0,24,7,1,0,0.5357142857142857,14,3,14,727.5,661.9999999999998
473.0,24,7,1,0,0.5357142857142857,14,3,14,726.5,665.4999999999998
474.0,24,7,1,0,0.5357142857142857,14,3,14,725.5,668.9999999999998
475.0,24,7,1,0,0.5357142857142857,14,3,13,724.5,672.4999999999998
476.0,24,7,1,0,0.5357142857142857,14,3,13,723.5,675.9999999999998
477.0,25,7,1,0,0.5542857142857143,14,3,13,722.5,679.4999999999998
478.0,25,7,1,0,0.5542857142857143,14,3,13,721.5,682.9999999999998
479.0,25,7,1,0,0.5542857142857143,14,3,13,720.5,686.4999999999998
480.0,25,7,1,0,0.5542857142857143,14,3,13,719.5,689.9999999999998
481.0,25,7,1,0,0.5542857142857143,14,3,13,718.5,693.4999999999998
482.0,25,7,1,0,0.5542857142857143,14,3,13,717.5,696.9999999999998
483.0,25,7,1,0,0.5542857142857143,14,3,13,716.5,700.4999999999998
484.0,25,7,1,0,0.5542857142857143,14,3,13,715.5,703.9999999999998
485.0,25,7,1,0,0.5542857142857143,14,3,13,714.5,707.4999999999997
486.0,25,7,1,0,0.5542857142857143,14,3,13,713.5,710.9999999999997
487.0,25,7,1,0,0.5542857142857143,14,3,13,712.5,714.4999999999997
488.0,25,7,1,0,0.5142857142857142,15,3,12,711.5,717.9999999999997
489.0,26,7,1,0,0.532967032967033,15,3,12,710.5,721.4999999999997
490.0,26,7,1,0,0.532967032967033,15,3,12,709.5,724.9999999999997
491.0,26,7,1,0,0.532967032967033,15,3,12,708.5,728.4999999999997
492.0,26,7,1,0,0.532967032967033,15,3,11,707.5,731.9999999999997
493.0,26,7,1,0,0.532967032967033,15,3,11,706.5,735.4999999999997
494.0,26,7,1,0,0.532967032967033,15,3,11,705.5,738.9999999999997
495.0,26,7,1,0,0.532967032967033,15,3,11,704.5,742.4999999999997
496.0,26,7,1,0,0.532967032967033,15,3,11,703.5,745.9999999999997
497.0,27,7,1,0,0.5502645502645502,15,3,11,702.5,749.4999999999997
498.0,27,7,1,0,0.5502645502645502,15,3,11,701.5,752.9999999999997
499.0,27,7,1,0,0.5502645502645502,15,3,11,700.5,756.4999999999997
500.0,27,7,1,0,0.5502645502645502,15,3,11,699.5,759.9999999999997
501.0,27,7,1,0,0.5502645502645502,15,3,11,698.5,763.4999999999997
502.0,27,7,1,0,0.5502645502645502,15,3,10,697.5,766.9999999999997
503.0,27,7,1,0,0.5502645502645502,15,3,10,696.5,770.4999999999997
504.0,27,7,1,0,0.5502645502645502,15,3,10,695.5,773.9999999999997
505.0,28,7,1,0,0.5663265306122449,15,3,9,694.5,777.4999999999997
506.0,28,7,1,0,0.5663265306122449,15,3,9,693.5,780.9999999999997
507.0,28,7,1,0,0.5306122448979592,16,3,9,692.5,784.4999999999997
508.0,28,7,1,0,0.5306122448979592,16,3,9,691.5,787.9999999999997
509.0,28,7,1,0,0.5306122448979592,16,3,8,690.5,791.4999999999997
510.0,28,7,1,0,0.5306122448979592,16,3,8,689.5,794.9999999999997
511.0,28,7,1,0,0.5306122448979592,16,3,8,688.5,798.4999999999997
512.0,28,7,1,0,0.5663265306122449,15,3,8,687.5,801.9999999999997
513.0,29,7,1,0,0.5812807881773399,15,3,8,686.5,805.4999999999997
514.0,29,7,1,0,0.5812807881773399,15,3,8,685.5,808.9999999999997
515.0,29,7,1,0,0.5812807881773399,15,3,8,684.5,812.4999999999997
516.0,29,7,1,0,0.5812807881773399,15,3,8,683.5,815.9999999999997
517.0,29,7,1,0,0.5812807881773399,15,3,8,682.5,819.4999999999997
518.0,29,7,1,0,0.5812807881773399,15,3,8,681.5,822.9999999999997
519.0,29,7,1,0,0.5812807881773399,15,3,8,680.5,826.4999999999997
520.0,29,7,1,0,0.5812807881773399,15,3,8,679.5,829.9999999999997
521.0,30,7,1,0,0.5952380952380952,15,3,8,678.5,833.4999999999997
522.0,30,7,1,0,0.5952380952380952,15,3,8,677.5,836.9999999999997
523.0,30,7,1,0,0.5952380952380952,15,3,8,676.5,840.4999999999997
524.0,30,7,1,0,0.5952380952380952,15,3,8,675.5,843.9999999999997
525.0,30,7,1,0,0.5952380952380952,15,3,8,674.5,847.4999999999997
526.0,30,7,1,0,0.5952380952380952,15,3,8,673.5,850.9999999999997
527.0,30,7,1,0,0.5952380952380952,15,3,8,672.5,854.4999999999997
528.0,30,7,1,0,0.6285714285714286,14,3,8,671.5,857.9999999999997
529.0,30,7,1,0,0.5952380952380952,15,3,8,670.5,861.4999999999997
530.0,30,7,1,0,0.5952380952380952,15,3,8,669.5,864.9999999999997
531.0,30,7,1,0,0.5952380952380952,15,3,8,668.5,868.4999999999997
532.0,30,7,1,0,0.5952380952380952,15,3,8,667.5,871.9999999999997
533.0,30,7,1,0,0.5952380952380952,15,3,8,666.5,875.4999999999997
534.0,30,7,1,0,0.5952380952380952,15,3,8,665.5,878.9999999999997
535.0,30,7,1,0,0.5952380952380952,15,3,8,664.5,882.4999999999997
536.0,30,7,1,0,0.5666666666666667,16,3,8,663.5,885.9999999999997
537.0,30,7,1,0,0.5666666666666667,16,3,8,662.5,889.4999999999997
538.0,30,7,1,0,0.5666666666666667,16,3,8,661.5,892.9999999999997
539.0,30,7,1,0,0.5666666666666667,16,3,8,660.5,896.4999999999997
540.0,30,7,1,0,0.5666666666666667,16,3,8,659.5,899.9999999999997
541.0,30,7,1,0,0.5666666666666667,16,3,8,658.5,903.4999999999997
542.0,30,7,1,0,0.5952380952380952,15,3,8,657.5,906.9999999999997
543.0,30,7,1,0,0.6285714285714286,14,3,8,656.5,910.4999999999997
544.0,30,7,1,0,0.6285714285714286,14,3,8,655.5,913.9999999999997
545.0,30,7,1,0,0.6285714285714286,14,3,8,654.5,917.4999999999997
546.0,30,7,1,0,0.6285714285714286,14,3,8,653.5,920.9999999999997
547.0,30,7,1,0,0.6285714285714286,14,3,8,652.5,924.4999999999997
548.0,30,7,1,0,0.6285714285714286,14,3,8,651.5,927.9999999999997
549.0,30,7,1,0,0.6285714285714286,14,3,8,650.5,931.4999999999997
550.0,30,7,1,0,0.6285714285714286,14,3,8,649.5,934.9999999999997
551.0,30,7,1,0,0.6285714285714286,14,3,8,648.5,938.4999999999997
552.0,30,7,1,0,0.6428571428571428,13,3,8,647.5,941.9999999999997
553.0,30,7,1,0,0.6428571428571428,13,3,8,646.5,945.4999999999997
554.0,30,7,1,0,0.6428571428571428,13,3,8,645.5,948.9999999999997
555.0,30,7,1,0,0.6095238095238096,14,3,8,644.5,952.4999999999997
556.0,30,7,1,0,0.6095238095238096,14,3,8,643.5,955.9999999999997
557.0,30,7,1,0,0.6095238095238096,14,3,8,642.5,959.4999999999997
558.0,30,7,1,0,0.6095238095238096,14,3,8,641.5,962.9999999999997
559.0,30,7,1,0,0.6428571428571428,13,3,8,640.5,965.0
560.0,30,7,1,0,0.6428571428571428,13,3,8,639.5,965.0
561.0,30,7,1,0,0.6428571428571428,13,3,8,638.5,965.0
562.0,30,7,1,0,0.6428571428571428,13,3,8,637.5,965.0
563.0,30,7,1,0,0.6428571428571428,13,3,8,636.5,965.0
564.0,30,7,1,0,0.6666666666666666,12,3,8,635.5,965.0
565.0,30,7,1,0,0.6666666666666666,12,3,8,634.5,965.0
566.0,30,7,1,0,0.6666666666666666,12,3,8,633.5,965.0
567.0,30,7,1,0,0.6666666666666666,12,3,8,632.5,965.0
568.0,30,7,1,0,0.6666666666666666,12,3,8,631.5,965.0
569.0,30,7,1,0,0.6666666666666666,12,3,8,630.5,965.0
570.0,30,7,1,0,0.6666666666666666,12,3,8,629.5,965.0
571.0,30,7,1,0,0.6761904761904762,11,3,8,628.5,965.0
572.0,30,7,1,0,0.6761904761904762,11,3,8,627.5,965.0
573.0,30,7,1,0,0.6428571428571428,12,3,8,626.5,965.0
574.0,30,7,1,0,0.6761904761904762,11,3,8,625.5,965.0
575.0,30,7,1,0,0.6761904761904762,11,3,8,624.5,965.0
576.0,30,7,1,0,0.6761904761904762,11,3,8,623.5,965.0
577.0,30,7,1,0,0.7095238095238096,10,3,8,622.5,965.0
578.0,30,7,1,0,0.7095238095238096,10,3,8,621.5,965.0
579.0,30,7,1,0,0.6761904761904762,11,3,8,620.5,965.0
580.0,30,7,1,0,0.6761904761904762,11,3,8,619.5,965.0
581.0,30,7,1,0,0.6761904761904762,11,3,8,618.5,965.0
582.0,30,7,1,0,0.6761904761904762,11,3,8,617.5,965.0
583.0,30,7,1,0,0.6761904761904762,11,3,8,616.5,965.0
584.0,30,7,1,0,0.6761904761904762,11,3,8,615.5,965.0
585.0,30,7,1,0,0.6761904761904762,11,3,8,614.5,965.0
586.0,30,7,1,0,0.6761904761904762,11,3,8,613.5,965.0
587.0,30,7,1,0,0.6761904761904762,11,3,8,612.5,965.0
588.0,30,7,1,0,0.6761904761904762,11,3,8,611.5,965.0
589.0,30,7,1,0,0.6761904761904762,11,3,8,610.5,965.0
590.0,30,7,1,0,0.6761904761904762,11,3,8,609.5,965.0
591.0,30,7,1,0,0.6761904761904762,11,3,8,608.5,965.0
592.0,30,7,1,0,0.6761904761904762,11,3,8,607.5,965.0
593.0,30,7,1,0,0.6761904761904762,11,3,8,606.5,965.0
594.0,30,7,1,0,0.6761904761904762,11,3,8,605.5,965.0
595.0,30,7,1,0,0.6714285714285715,12,3,8,604.5,965.0
596.0,30,7,1,0,0.6047619047619048,14,3,8,603.5,965.0
597.0,30,7,1,0,0.6047619047619048,14,3,8,602.5,965.0
598.0,30,7,1,0,0.6047619047619048,14,3,8,601.5,965.0
599.0,30,7,1,0,0.6047619047619048,14,3,8,600.5,965.0
600.0,30,7,1,0,0.6047619047619048,14,3,8,599.5,965.0
601.0,30,7,1,0,0.6095238095238096,13,3,8,598.5,965.0
602.0,30,7,1,0,0.6095238095238096,13,3,8,597.5,965.0
603.0,30,7,1,0,0.6095238095238096,13,3,8,596.5,965.0
604.0,30,7,1,0,0.6095238095238096,13,3,8,595.5,965.0
605.0,30,7,1,0,0.6619047619047619,11,3,8,594.5,965.0
606.0,30,7,1,0,0.6619047619047619,11,3,8,593.5,965.0
607.0,30,7,1,0,0.6619047619047619,11,3,8,592.5,965.0
608.0,30,7,1,0,0.6619047619047619,11,3,8,591.5,965.0
609.0,30,7,1,0,0.6285714285714286,12,3,8,590.5,965.0
610.0,30,7,1,0,0.6285714285714286,12,3,8,589.5,965.0
611.0,30,7,1,0,0.6285714285714286,12,3,8,588.5,965.0
612.0,30,7,1,0,0.6285714285714286,12,3,8,587.5,965.0
613.0,30,7,1,0,0.6285714285714286,12,3,8,586.5,965.0
614.0,30,7,1,0,0.6285714285714286,12,3,8,585.5,965.0
615.0,30,7,1,0,0.6285714285714286,12,3,8,584.5,965.0
616.0,30,7,1,0,0.6285714285714286,12,3,8,583.5,965.0
617.0,30,7,1,0,0.6285714285714286,12,3,8,582.5,965.0
618.0,30,7,1,0,0.6190476190476191,13,3,8,581.5,965.0
619.0,30,7,1,0,0.5857142857142857,14,3,8,580.5,965.0
620.0,30,7,1,0,0.6190476190476191,13,3,8,579.5,965.0
621.0,30,7,1,0,0.6190476190476191,13,3,8,578.5,965.0
622.0,30,7,1,0,0.6190476190476191,13,3,8,577.5,965.0
623.0,30,7,1,0,0.6190476190476191,13,3,8,576.5,965.0
624.0,30,7,1,0,0.5857142857142857,14,3,8,575.5,965.0
625.0,30,7,1,0,0.5857142857142857,14,3,8,574.5,965.0
626.0,30,7,1,0,0.5857142857142857,14,3,8,573.5,965.0
627.0,30,7,1,0,0.5857142857142857,14,3,8,572.5,965.0
628.0,30,7,1,0,0.5857142857142857,14,3,8,571.5,965.0
629.0,30,7,1,0,0.5857142857142857,14,3,8,570.5,965.0
630.0,30,7,1,0,0.5857142857142857,14,3,8,569.5,965.0
631.0,30,7,1,0,0.5857142857142857,14,3,8,568.5,965.0
632.0,30,7,1,0,0.5857142857142857,14,3,8,567.5,965.0
633.0,30,7,1,0,0.5857142857142857,14,3,8,566.5,965.0
634.0,30,7,1,0,0.5523809523809524,15,3,8,565.5,965.0
635.0,30,7,1,0,0.5523809523809524,15,3,8,564.5,965.0
636.0,30,7,1,0,0.5857142857142857,14,3,8,563.5,965.0
637.0,30,7,1,0,0.5857142857142857,14,3,8,562.5,965.0
638.0,30,7,1,0,0.5857142857142857,14,3,8,561.5,965.0
639.0,30,7,1,0,0.5857142857142857,14,3,8,560.5,965.0
640.0,30,7,1,0,0.5857142857142857,14,3,8,559.5,965.0
641.0,30,7,1,0,0.5857142857142857,14,3,8,558.5,965.0
642.0,30,7,1,0,0.5857142857142857,14,3,8,557.5,965.0
643.0,30,7,1,0,0.5857142857142857,14,3,8,556.5,965.0
644.0,30,7,1,0,0.5857142857142857,14,3,8,555.5,965.0
645.0,30,7,1,0,0.5857142857142857,14,3,8,554.5,965.0
646.0,30,7,1,0,0.5857142857142857,14,3,8,553.5,965.0
647.0,30,7,1,0,0.5523809523809524,15,3,8,552.5,965.0
648.0,30,7,1,0,0.5523809523809524,15,3,8,551.5,965.0
649.0,30,7,1,0,0.5523809523809524,15,3,8,550.5,965.0
650.0,30,7,1,0,0.5523809523809524,15,3,8,549.5,965.0
651.0,30,7,1,0,0.5523809523809524,15,3,8,548.5,965.0
652.0,30,7,1,0,0.5857142857142857,14,3,8,547.5,965.0
653.0,30,7,1,0,0.5857142857142857,14,3,8,546.5,965.0
654.0,30,7,1,0,0.5857142857142857,14,3,8,545.5,965.0
655.0,30,7,1,0,0.5857142857142857,14,3,8,544.5,965.0
656.0,30,7,1,0,0.5857142857142857,14,3,8,543.5,965.0
657.0,30,7,1,0,0.5857142857142857,14,3,7,542.5,965.0
658.0,31,7,1,0,0.5990783410138248,14,3,7,541.5,965.0
659.0,31,7,1,0,0.5668202764976958,15,3,7,540.5,965.0
660.0,31,7,1,0,0.5668202764976958,15,3,7,539.5,965.0
661.0,31,7,1,0,0.5668202764976958,15,3,7,538.5,965.0
662.0,31,7,1,0,0.5668202764976958,15,3,7,537.5,965.0
663.0,31,7,1,0,0.5668202764976958,15,3,7,536.5,965.0
664.0,31,7,1,0,0.5668202764976958,15,3,7,535.5,965.0
665.0,31,7,1,0,0.5668202764976958,15,3,7,534.5,965.0
666.0,31,7,1,0,0.5714285714285714,14,3,7,533.5,965.0
667.0,31,7,1,0,0.5714285714285714,14,3,7,532.5,965.0
668.0,31,7,1,0,0.6036866359447004,13,3,7,531.5,965.0
669.0,31,7,1,0,0.6036866359447004,13,3,7,530.5,965.0
670.0,31,7,1,0,0.6036866359447004,13,3,7,529.5,965.0
671.0,31,7,1,0,0.5714285714285714,14,3,7,528.5,965.0
672.0,31,7,1,0,0.5714285714285714,14,3,7,527.5,965.0
673.0,31,7,1,0,0.5714285714285714,14,3,7,526.5,965.0
674.0,31,7,1,0,0.5714285714285714,14,3,7,525.5,965.0
675.0,31,7,1,0,0.5714285714285714,14,3,7,524.5,965.0
676.0,31,7,1,0,0.5483870967741935,15,3,7,523.5,965.0
677.0,31,7,1,0,0.5483870967741935,15,3,7,522.5,965.0
678.0,31,7,1,0,0.5483870967741935,15,3,7,521.5,965.0
679.0,31,7,1,0,0.5483870967741935,15,3,7,520.5,965.0
680.0,31,7,1,0,0.5483870967741935,15,3,7,519.5,965.0
681.0,31,7,1,0,0.5483870967741935,15,3,7,518.5,965.0
682.0,31,7,1,0,0.5483870967741935,15,3,7,517.5,965.0
683.0,31,7,1,0,0.5483870967741935,15,3,7,516.5,965.0
684.0,31,7,1,0,0.5483870967741935,15,3,7,515.5,965.0
685.0,31,7,1,0,0.5806451612903225,14,3,7,514.5,965.0
686.0,31,7,1,0,0.5483870967741935,15,3,7,513.5,965.0
687.0,31,7,1,0,0.5483870967741935,15,3,7,512.5,965.0
688.0,31,7,1,0,0.5483870967741935,15,3,7,511.5,965.0
689.0,31,7,1,0,0.5483870967741935,15,3,7,510.5,965.0
690.0,31,7,1,0,0.5483870967741935,15,3,7,509.5,965.0
691.0,31,7,1,0,0.5806451612903225,14,3,7,508.5,965.0
692.0,31,7,1,0,0.5806451612903225,14,3,7,507.5,965.0
693.0,31,7,1,0,0.5806451612903225,14,3,7,506.5,965.0
694.0,31,7,1,0,0.5806451612903225,14,3,7,505.5,965.0
695.0,31,7,1,0,0.5806451612903225,14,3,7,504.5,965.0
696.0,31,7,1,0,0.5806451612903225,14,3,7,503.5,965.0
697.0,31,7,1,0,0.5806451612903225,14,3,7,502.5,965.0
698.0,31,7,1,0,0.5806451612903225,14,3,7,501.5,965.0
699.0,31,7,1,0,0.5806451612903225,14,3,7,500.5,965.0
700.0,31,7,1,0,0.5483870967741935,15,3,7,499.5,965.0
701.0,31,7,1,0,0.5483870967741935,15,3,7,498.5,965.0
702.0,31,7,1,0,0.5483870967741935,15,3,7,497.5,963.0000000000005
703.0,31,7,1,0,0.5483870967741935,15,3,7,496.5,959.5000000000005
704.0,32,7,1,0,0.5625,15,3,6,495.5,956.0000000000005
705.0,32,7,1,0,0.5848214285714286,14,3,6,494.5,952.5000000000005
706.0,32,7,1,0,0.5848214285714286,14,3,6,493.5,949.0000000000005
707.0,32,7,1,0,0.6160714285714286,13,3,6,492.5,945.5000000000005
708.0,32,7,1,0,0.6160714285714286,13,3,6,491.5,942.0000000000005
709.0,32,7,1,0,0.6160714285714286,13,3,6,490.5,938.5000000000005
710.0,32,7,1,0,0.6160714285714286,13,3,6,489.5,935.0000000000005
711.0,32,7,1,0,0.6160714285714286,13,3,6,488.5,931.5000000000005
712.0,32,7,1,0,0.6160714285714286,13,3,6,487.5,928.0000000000005
713.0,32,7,1,0,0.6160714285714286,13,3,6,486.5,924.5000000000005
714.0,32,7,1,0,0.6160714285714286,13,3,6,485.5,921.0000000000005
715.0,32,7,1,0,0.6160714285714286,13,3,6,484.5,917.5000000000005
716.0,32,7,1,0,0.6160714285714286,13,3,6,483.5,914.0000000000005
717.0,32,7,1,0,0.6160714285714286,13,3,6,482.5,910.5000000000005
718.0,32,7,1,0,0.6160714285714286,13,3,6,481.5,907.0000000000005
719.0,32,7,1,0,0.6160714285714286,13,3,6,480.5,903.5000000000005
720.0,32,7,1,0,0.6160714285714286,13,3,6,479.5,900.0000000000005
721.0,32,7,1,0,0.6160714285714286,13,3,6,478.5,896.5000000000005
722.0,32,7,1,0,0.6160714285714286,13,3,6,477.5,893.0000000000005
723.0,32,7,1,0,0.625,12,3,6,476.5,889.5000000000005
724.0,32,7,1,0,0.625,12,3,6,475.5,886.0000000000005
725.0,32,7,1,0,0.625,12,3,6,474.5,882.5000000000005
726.0,32,7,1,0,0.625,12,3,6,473.5,879.0000000000005
727.0,32,7,1,0,0.625,12,3,6,472.5,875.5000000000005
728.0,32,7,1,0,0.625,12,3,5,471.5,872.0000000000005
729.0,33,7,1,0,0.6363636363636364,12,3,5,470.5,868.5000000000005
730.0,33,7,1,0,0.6363636363636364,12,3,5,469.5,865.0000000000005
731.0,33,7,1,0,0.6363636363636364,12,3,5,468.5,861.5000000000005
732.0,33,7,1,0,0.6363636363636364,12,3,5,467.5,858.0000000000005
733.0,33,7,1,0,0.6363636363636364,12,3,5,466.5,854.5000000000005
734.0,33,7,1,0,0.6666666666666666,11,3,5,465.5,851.0000000000005
735.0,33,7,1,0,0.6666666666666666,11,3,5,464.5,847.5000000000005
736.0,33,7,1,0,0.6666666666666666,11,3,5,463.5,844.0000000000005
737.0,33,7,1,0,0.6666666666666666,11,3,5,462.5,840.5000000000005
738.0,33,7,1,0,0.6666666666666666,11,3,5,461.5,837.0000000000005
739.0,33,7,1,0,0.6666666666666666,11,3,4,460.5,833.5000000000005
740.0,34,7,1,0,0.6764705882352942,11,3,4,459.5,830.0000000000005
741.0,34,7,1,0,0.6764705882352942,11,3,4,458.5,826.5000000000005
742.0,34,7,1,0,0.6764705882352942,11,3,4,457.5,823.0000000000005
743.0,34,7,1,0,0.6764705882352942,11,3,4,456.5,819.5000000000005
744.0,34,7,1,0,0.6764705882352942,11,3,4,455.5,816.0000000000005
745.0,34,7,1,0,0.7058823529411765,10,3,4,454.5,812.5000000000005
746.0,34,7,1,0,0.7058823529411765,10,3,4,453.5,809.0000000000005
747.0,34,7,1,0,0.7058823529411765,10,3,4,452.5,805.5000000000005
748.0,34,7,1,0,0.7058823529411765,10,3,4,451.5,802.0000000000005
749.0,34,7,1,0,0.7058823529411765,10,3,4,450.5,798.5000000000005
750.0,34,7,1,0,0.7058823529411765,10,3,4,449.5,795.0000000000005
751.0,34,7,1,0,0.7058823529411765,10,3,4,448.5,791.5000000000005
752.0,34,7,1,0,0.6764705882352942,11,3,4,447.5,788.0000000000005
753.0,34,7,1,0,0.6764705882352942,11,3,4,446.5,784.5000000000005
754.0,34,7,1,0,0.7352941176470589,9,3,4,445.5,781.0000000000005
755.0,34,7,1,0,0.7352941176470589,9,3,4,444.5,777.5000000000005
756.0,34,7,1,0,0.7352941176470589,9,3,4,443.5,774.0000000000005
757.0,34,7,1,0,0.7058823529411765,10,3,4,442.5,770.5000000000005
758.0,34,7,1,0,0.7058823529411765,10,3,4,441.5,767.0000000000005
759.0,34,7,1,0,0.7058823529411765,10,3,4,440.5,763.5000000000005
760.0,34,7,1,0,0.7352941176470589,9,3,4,439.5,760.0000000000005
761.0,34,7,1,0,0.726890756302521,10,3,4,438.5,756.5000000000005
762.0,34,7,1,0,0.726890756302521,10,3,4,437.5,753.0000000000005
763.0,34,7,1,0,0.726890756302521,10,3,4,436.5,749.5000000000005
764.0,34,7,1,0,0.726890756302521,10,3,4,435.5,746.0000000000005
765.0,34,7,1,0,0.726890756302521,10,3,4,434.5,742.5000000000005
766.0,34,7,1,0,0.726890756302521,10,3,4,433.5,739.0000000000005
767.0,34,7,1,0,0.726890756302521,10,3,4,432.5,735.5000000000005
768.0,34,7,1,0,0.726890756302521,10,3,4,431.5,732.0000000000005
769.0,34,7,1,0,0.7563025210084033,9,3,4,430.5,728.5000000000005
770.0,34,7,1,0,0.7563025210084033,9,3,4,429.5,725.0000000000005
771.0,34,7,1,0,0.7563025210084033,9,3,4,428.5,721.5000000000005
772.0,34,7,1,0,0.726890756302521,10,3,4,427.5,718.0000000000005
773.0,34,7,1,0,0.726890756302521,10,3,4,426.5,714.5000000000005
774.0,34,7,1,0,0.7058823529411765,11,3,4,425.5,711.0000000000005
775.0,34,7,1,0,0.7058823529411765,11,3,4,424.5,707.5000000000005
776.0,34,7,1,0,0.7352941176470589,10,3,4,423.5,704.0000000000005
777.0,34,7,1,0,0.7100840336134454,11,3,4,422.5,700.5000000000005
778.0,34,7,1,0,0.7100840336134454,11,3,4,421.5,697.0000000000005
779.0,34,7,1,0,0.7100840336134454,11,3,4,420.5,693.5000000000005
780.0,34,7,1,0,0.7647058823529411,8,3,4,419.5,690.0000000000005
781.0,34,7,1,0,0.7647058823529411,8,3,4,418.5,686.5000000000005
782.0,35,7,1,0,0.7714285714285714,8,3,3,417.5,683.0000000000005
783.0,35,7,1,0,0.7714285714285714,8,3,3,416.5,679.5000000000005
784.0,35,7,1,0,0.7714285714285714,8,3,3,415.5,676.0000000000005
785.0,35,7,1,0,0.7714285714285714,8,3,3,414.5,672.5000000000005
786.0,35,7,1,0,0.7714285714285714,8,3,3,413.5,669.0000000000005
787.0,35,7,1,0,0.7714285714285714,8,3,3,412.5,665.5000000000005
788.0,35,7,1,0,0.7428571428571429,9,3,3,411.5,662.0000000000005
789.0,35,7,1,0,0.7428571428571429,9,3,3,410.5,658.5000000000005
790.0,35,7,1,0,0.7428571428571429,9,3,3,409.5,655.0000000000005
791.0,35,7,1,0,0.7142857142857143,11,3,3,408.5,651.5000000000005
792.0,35,7,1,0,0.7142857142857143,11,3,3,407.5,648.0000000000005
793.0,35,7,1,0,0.7428571428571429,10,3,3,406.5,644.5000000000005
794.0,35,7,1,0,0.7428571428571429,10,3,3,405.5,641.0000000000005
795.0,35,7,1,0,0.7428571428571429,10,3,3,404.5,637.5000000000005
796.0,35,7,1,0,0.7428571428571429,10,3,3,403.5,634.0000000000005
797.0,36,7,1,0,0.75,10,3,2,402.5,630.5000000000005
798.0,36,7,1,0,0.7817460317460317,9,3,2,401.5,627.0000000000006
799.0,36,7,1,0,0.7817460317460317,9,3,2,400.5,623.5000000000006
800.0,36,7,1,0,0.8095238095238095,8,3,2,399.5,620.0000000000006
801.0,36,7,1,0,0.8095238095238095,8,3,2,398.5,616.5000000000006
802.0,36,7,1,0,0.7817460317460317,9,3,2,397.5,613.0000000000006
803.0,36,7,1,0,0.753968253968254,10,3,2,396.5,609.5000000000006
804.0,36,7,1,0,0.753968253968254,10,3,2,395.5,606.0000000000006
805.0,36,7,1,0,0.753968253968254,10,3,2,394.5,602.5000000000006
806.0,36,7,1,0,0.753968253968254,10,3,2,393.5,599.0000000000006
807.0,36,7,1,0,0.7261904761904762,11,3,2,392.5,595.5000000000006
808.0,36,7,1,0,0.7261904761904762,11,3,2,391.5,592.0000000000006
809.0,36,7,1,0,0.7698412698412698,9,3,2,390.5,588.5000000000006
810.0,36,7,1,0,0.7698412698412698,9,3,2,389.5,585.0000000000006
811.0,36,7,1,0,0.7698412698412698,9,3,2,388.5,581.5000000000006
812.0,36,7,1,0,0.7698412698412698,9,3,2,387.5,578.0000000000006
813.0,36,7,1,0,0.7698412698412698,9,3,2,386.5,574.5000000000006
814.0,36,7,1,0,0.7698412698412698,9,3,2,385.5,571.0000000000006
815.0,36,7,1,0,0.7698412698412698,9,3,2,384.5,567.5000000000006
816.0,36,7,1,0,0.7698412698412698,9,3,2,383.5,564.0000000000006
817.0,36,7,1,0,0.7698412698412698,9,3,2,382.5,560.5000000000006
818.0,36,7,1,0,0.7698412698412698,9,3,2,381.5,557.0000000000006
819.0,36,7,1,0,0.7698412698412698,9,3,2,380.5,553.5000000000006
820.0,36,7,1,0,0.7976190476190477,8,3,2,379.5,550.0000000000006
821.0,36,7,1,0,0.8253968253968254,7,3,2,378.5,546.5000000000006
822.0,36,7,1,0,0.8253968253968254,7,3,2,377.5,543.0000000000006
823.0,36,7,1,0,0.8253968253968254,7,3,2,376.5,539.5000000000006
824.0,36,7,1,0,0.8253968253968254,7,3,2,375.5,536.0000000000006
825.0,36,7,1,0,0.8253968253968254,7,3,2,374.5,532.5000000000006
826.0,36,7,1,0,0.8253968253968254,7,3,2,373.5,529.0000000000006
827.0,36,7,1,0,0.8531746031746033,6,3,2,372.5,525.5000000000006
828.0,36,7,1,0,0.8531746031746033,6,3,2,371.5,522.0000000000006
829.0,36,7,1,0,0.8531746031746033,6,3,2,370.5,518.5000000000006
830.0,36,7,1,0,0.8531746031746033,6,3,2,369.5,515.0000000000006
831.0,36,7,1,0,0.8531746031746033,6,3,2,368.5,511.50000000000057
832.0,36,7,1,0,0.8531746031746033,6,3,2,367.5,508.00000000000057
833.0,36,7,1,0,0.8531746031746033,6,3,2,366.5,504.50000000000057
834.0,36,7,1,0,0.8531746031746033,6,3,2,365.5,501.00000000000057
835.0,36,7,1,0,0.8531746031746033,6,3,2,364.5,497.50000000000057
836.0,36,7,1,0,0.8809523809523809,5,3,2,363.5,494.00000000000057
837.0,36,7,1,0,0.8809523809523809,5,3,2,362.5,490.50000000000057
838.0,36,7,1,0,0.8809523809523809,5,3,2,361.5,487.00000000000057
839.0,36,7,1,0,0.8809523809523809,5,3,2,360.5,483.50000000000057
840.0,36,7,1,0,0.8809523809523809,5,3,2,359.5,480.00000000000057
841.0,36,7,1,0,0.8809523809523809,5,3,2,358.5,476.50000000000057
842.0,36,7,1,0,0.8809523809523809,5,3,2,357.5,473.00000000000057
843.0,36,7,1,0,0.9087301587301587,4,3,2,356.5,469.50000000000057
844.0,36,7,1,0,0.9087301587301587,4,3,2,355.5,466.00000000000057
845.0,36,7,1,0,0.9087301587301587,4,3,2,354.5,462.50000000000057
846.0,36,7,1,0,0.9087301587301587,4,3,2,353.5,459.00000000000057
847.0,36,7,1,0,0.9087301587301587,4,3,2,352.5,455.50000000000057
848.0,36,7,1,0,0.9087301587301587,4,3,2,351.5,452.00000000000057
849.0,36,7,1,0,0.9087301587301587,4,3,2,350.5,448.50000000000057
850.0,36,7,1,0,0.9087301587301587,4,3,2,349.5,445.00000000000057
851.0,36,7,1,0,0.9087301587301587,4,3,2,348.5,441.50000000000057
852.0,36,7,1,0,0.9365079365079365,3,3,2,347.5,438.00000000000057
853.0,36,7,1,0,0.9087301587301587,4,3,2,346.5,434.50000000000057
854.0,36,7,1,0,0.9087301587301587,4,3,2,345.5,431.00000000000057
855.0,36,7,1,0,0.8809523809523809,5,3,2,344.5,427.50000000000057
856.0,36,7,1,0,0.8809523809523809,5,3,2,343.5,424.00000000000057
857.0,36,7,1,0,0.8809523809523809,5,3,2,342.5,420.50000000000057
858.0,36,7,1,0,0.8531746031746033,6,3,2,341.5,417.00000000000057
859.0,36,7,1,0,0.8531746031746033,6,3,2,340.5,413.50000000000057
860.0,36,7,1,0,0.8531746031746033,6,3,2,339.5,410.00000000000057
861.0,36,7,1,0,0.8809523809523809,5,3,2,338.5,406.50000000000057
862.0,36,7,1,0,0.8809523809523809,5,3,2,337.5,403.00000000000057
863.0,36,7,1,0,0.8809523809523809,5,3,2,336.5,399.50000000000057
864.0,36,7,1,0,0.8809523809523809,5,3,2,335.5,396.00000000000057
865.0,36,7,1,0,0.8809523809523809,5,3,2,334.5,392.50000000000057
866.0,36,7,1,0,0.8809523809523809,5,3,2,333.5,389.00000000000057
867.0,36,7,1,0,0.8809523809523809,5,3,2,332.5,385.50000000000057
868.0,36,7,1,0,0.9087301587301587,4,3,2,331.5,382.00000000000057
869.0,36,7,1,0,0.9087301587301587,4,3,2,330.5,378.50000000000057
870.0,36,7,1,0,0.9087301587301587,4,3,2,329.5,375.00000000000057
871.0,36,7,1,0,0.8809523809523809,5,3,2,328.5,371.50000000000057
872.0,36,7,1,0,0.8809523809523809,5,3,2,327.5,368.00000000000057
873.0,36,7,1,0,0.8809523809523809,5,3,2,326.5,364.50000000000057
874.0,36,7,1,0,0.8809523809523809,5,3,2,325.5,361.00000000000057
875.0,36,7,1,0,0.8809523809523809,5,3,2,324.5,357.50000000000057
876.0,36,7,1,0,0.8809523809523809,5,3,2,323.5,354.00000000000057
877.0,36,7,1,0,0.8809523809523809,5,3,2,322.5,350.50000000000057
878.0,36,7,1,0,0.8809523809523809,5,3,2,321.5,347.00000000000057
879.0,36,7,1,0,0.8809523809523809,5,3,2,320.5,343.50000000000057
880.0,36,7,1,0,0.8531746031746033,6,3,2,319.5,340.00000000000057
881.0,36,7,1,0,0.8809523809523809,5,3,2,318.5,336.50000000000057
882.0,36,7,1,0,0.8809523809523809,5,3,2,317.5,333.00000000000057
883.0,36,7,1,0,0.8809523809523809,5,3,2,316.5,329.50000000000057
884.0,36,7,1,0,0.9087301587301587,4,3,2,315.5,326.00000000000057
885.0,36,7,1,0,0.9087301587301587,4,3,2,314.5,322.50000000000057
886.0,36,7,1,0,0.9087301587301587,4,3,2,313.5,319.00000000000057
887.0,36,7,1,0,0.9087301587301587,4,3,2,312.5,315.50000000000057
888.0,36,7,1,0,0.9087301587301587,4,3,2,311.5,312.00000000000057
889.0,36,7,1,0,0.9365079365079365,3,3,2,310.5,308.50000000000057
890.0,36,7,1,0,0.9166666666666666,4,3,2,309.5,305.00000000000057
891.0,36,7,1,0,0.9166666666666666,4,3,2,308.5,301.50000000000057
892.0,35,7,1,0,0.9166666666666666,4,3,2,307.5,298.00000000000057
893.0,35,7,1,0,0.9142857142857143,4,3,2,306.5,294.50000000000057
894.0,35,7,1,0,0.9142857142857143,4,3,2,305.5,291.0000000000007
895.0,35,7,1,0,0.9142857142857143,4,3,2,304.5,287.5000000000007
896.0,35,7,1,0,0.9428571428571428,3,3,2,303.5,284.0000000000007
897.0,35,7,1,0,0.9428571428571428,3,3,2,302.5,280.5000000000007
898.0,35,7,1,0,0.9428571428571428,3,3,2,301.5,277.0000000000007
899.0,35,7,1,0,0.9428571428571428,3,3,2,300.5,273.5000000000007
900.0,35,7,1,0,0.9428571428571428,3,3,2,299.5,270.0000000000007
901.0,35,7,1,0,0.9428571428571428,3,3,2,298.5,266.5000000000007
902.0,35,7,1,0,0.9428571428571428,3,3,2,297.5,263.0000000000007
903.0,35,7,1,0,0.9428571428571428,3,3,2,296.5,259.5000000000007
904.0,35,7,1,0,0.9428571428571428,3,3,2,295.5,256.0000000000007
905.0,35,7,1,0,0.9428571428571428,3,3,2,294.5,252.50000000000068
906.0,35,7,1,0,0.9428571428571428,3,3,2,293.5,249.00000000000068
907.0,35,7,1,0,0.9714285714285714,2,3,2,292.5,245.50000000000068
908.0,35,7,1,0,0.9714285714285714,2,3,2,291.5,242.00000000000068
909.0,35,7,1,0,0.9714285714285714,2,3,2,290.5,238.50000000000068
910.0,35,7,1,0,0.9714285714285714,2,3,2,289.5,235.00000000000068
911.0,35,7,1,0,0.9714285714285714,2,3,2,288.5,231.50000000000068
912.0,35,7,1,0,0.9918367346938776,1,3,2,287.5,228.00000000000068
913.0,35,7,1,0,0.9918367346938776,1,3,2,286.5,224.50000000000068
914.0,35,7,1,0,0.963265306122449,2,3,2,285.5,221.00000000000068
915.0,35,7,1,0,0.963265306122449,2,3,2,284.5,217.50000000000068
916.0,35,7,1,0,0.963265306122449,2,3,2,283.5,214.00000000000068
917.0,35,7,1,0,0.963265306122449,2,3,2,282.5,210.50000000000068
918.0,34,7,1,0,0.9918367346938776,1,3,2,281.5,207.00000000000068
919.0,34,7,1,0,0.9915966386554622,1,3,2,280.5,203.50000000000068
920.0,34,7,1,0,0.9915966386554622,1,3,2,279.5,200.00000000000068
921.0,34,7,1,0,0.9915966386554622,1,3,2,278.5,196.50000000000068
922.0,34,7,1,0,0.9915966386554622,1,3,2,277.5,193.00000000000068
923.0,34,7,1,0,0.9915966386554622,1,3,2,276.5,189.50000000000068
924.0,34,7,1,0,0.9915966386554622,1,3,2,275.5,186.00000000000068
925.0,34,7,1,0,0.9915966386554622,1,3,2,274.5,182.50000000000068
926.0,34,7,1,0,0.9915966386554622,1,3,2,273.5,179.00000000000068
927.0,34,7,1,0,0.9915966386554622,1,3,2,272.5,175.50000000000068
928.0,34,7,1,0,0.9915966386554622,1,3,2,271.5,172.00000000000068
929.0,34,7,1,0,0.9915966386554622,1,3,2,270.5,168.50000000000068
930.0,34,7,1,0,0.9915966386554622,1,3,2,269.5,165.00000000000068
931.0,34,7,1,0,0.9915966386554622,1,3,2,268.5,161.50000000000068
932.0,34,7,1,0,0.9915966386554622,1,3,2,267.5,158.00000000000068
933.0,34,7,1,0,0.9915966386554622,1,3,2,266.5,154.50000000000068
934.0,34,7,1,0,0.9915966386554622,1,3,2,265.5,151.00000000000068
935.0,34,7,1,0,0.9915966386554622,1,3,2,264.5,147.50000000000068
936.0,34,7,1,0,0.9915966386554622,1,3,2,263.5,144.00000000000068
937.0,34,7,1,0,0.9915966386554622,1,3,2,262.5,140.50000000000068
938.0,34,7,1,0,0.9915966386554622,1,3,2,261.5,137.00000000000068
939.0,34,7,1,0,0.9915966386554622,1,3,2,260.5,133.50000000000068
940.0,34,7,1,0,0.9915966386554622,1,3,2,259.5,130.00000000000068
941.0,34,7,1,0,0.9915966386554622,1,3,2,258.5,126.50000000000068
942.0,34,7,1,0,0.9915966386554622,1,3,2,257.5,123.00000000000068
943.0,34,7,1,0,0.9915966386554622,1,3,2,256.5,119.50000000000068
944.0,34,7,1,0,0.9915966386554622,1,3,2,255.5,116.00000000000068
945.0,34,7,1,0,0.9915966386554622,1,3,2,254.5,112.50000000000068
946.0,34,7,1,0,0.9915966386554622,1,3,2,253.5,109.00000000000068
947.0,33,7,1,0,0.9915966386554622,1,3,2,252.5,105.50000000000068
948.0,33,7,1,0,0.9913419913419913,1,3,2,251.5,102.00000000000068
949.0,33,7,1,0,0.9913419913419913,1,3,2,250.5,98.50000000000068
950.0,33,7,1,0,0.9913419913419913,1,3,2,249.5,95.00000000000068
951.0,33,7,1,0,0.9696969696969697,2,3,2,248.5,91.50000000000068
952.0,32,7,1,0,0.96875,2,3,2,247.5,88.00000000000068
953.0,32,7,1,0,0.96875,2,3,2,246.5,84.50000000000068
954.0,32,7,1,0,0.96875,2,3,2,245.5,81.00000000000068
955.0,32,7,1,0,0.96875,2,3,2,244.5,77.50000000000068
956.0,32,7,1,0,0.96875,2,3,2,243.5,74.00000000000068
957.0,32,7,1,0,0.96875,2,3,2,242.5,70.50000000000068
958.0,32,7,1,0,0.96875,2,3,2,241.5,67.00000000000068
959.0,32,7,1,0,0.96875,2,3,2,240.5,63.50000000000068
960.0,32,7,1,0,0.96875,2,3,2,239.5,60.00000000000068
961.0,32,7,1,0,0.96875,2,3,2,238.5,56.50000000000068
962.0,32,7,1,0,0.96875,2,3,2,237.5,53.00000000000068
963.0,32,7,1,0,0.96875,2,3,2,236.5,49.50000000000068
964.0,32,7,1,0,0.96875,2,3,2,235.5,46.00000000000068
965.0,32,7,1,0,0.96875,2,3,2,234.5,42.50000000000068
966.0,32,7,1,0,0.96875,2,3,2,233.5,39.00000000000068
967.0,32,7,1,0,0.96875,2,3,2,232.5,35.50000000000068
968.0,32,7,1,0,0.96875,2,3,2,231.5,35.0
969.0,32,7,1,0,0.96875,2,3,2,230.5,35.0
970.0,32,7,1,0,0.96875,2,3,2,229.5,35.0
971.0,32,7,1,0,0.96875,2,3,2,228.5,35.0
972.0,32,7,1,0,0.96875,2,3,2,227.5,35.0
973.0,32,7,1,0,0.96875,2,3,2,226.5,35.0
974.0,32,7,1,0,0.96875,2,3,2,225.5,35.0
975.0,32,7,1,0,0.96875,2,3,2,224.5,35.0
976.0,31,7,1,0,0.967741935483871,2,3,2,223.5,35.0
977.0,31,7,1,0,0.967741935483871,2,3,2,222.5,35.0
978.0,30,7,1,0,0.967741935483871,2,3,2,221.5,35.0
979.0,30,7,1,0,0.9666666666666667,2,3,2,220.5,35.0
980.0,30,7,1,0,0.9904761904761905,1,3,2,219.5,35.0
981.0,30,7,1,0,0.9904761904761905,1,3,2,218.5,35.0
982.0,30,7,1,0,0.9904761904761905,1,3,2,217.5,35.0
983.0,30,7,1,0,0.9904761904761905,1,3,2,216.5,35.0
984.0,30,7,1,0,0.9904761904761905,1,3,2,215.5,35.0
985.0,29,7,1,0,0.9904761904761905,1,3,2,214.5,35.0
986.0,29,7,1,0,0.9901477832512315,1,3,2,213.5,35.0
987.0,29,7,1,0,0.9901477832512315,1,3,2,212.5,35.0
988.0,29,7,1,0,0.9901477832512315,1,3,2,211.5,35.0
989.0,29,7,1,0,0.9901477832512315,1,3,2,210.5,35.0
990.0,29,7,1,0,0.9901477832512315,1,3,2,209.5,35.0
991.0,29,7,1,0,0.9901477832512315,1,3,2,208.5,35.0
992.0,29,7,1,0,0.9901477832512315,1,3,2,207.5,35.0
993.0,29,7,1,0,0.9901477832512315,1,3,2,206.5,35.0
994.0,29,7,1,0,0.9901477832512315,1,3,2,205.5,35.0
995.0,29,7,1,0,0.9901477832512315,1,3,2,204.5,35.0
996.0,28,7,1,0,0.9897959183673469,1,3,2,203.5,35.0
997.0,28,7,1,0,0.9897959183673469,1,3,2,202.5,35.0
998.0,28,7,1,0,0.9897959183673469,1,3,2,201.5,35.0
999.0,28,7,1,0,0.9897959183673469,1,3,2,200.5,35.0
1000.0,28,7,1,0,0.9897959183673469,1,3,2,199.5,35.0
1001.0,28,7,1,0,0.9897959183673469,1,3,2,198.5,35.0
1002.0,27,7,1,0,0.9897959183673469,1,3,2,197.5,35.0
1003.0,27,7,1,0,0.9894179894179894,1,3,2,196.5,35.0
1004.0,26,7,1,0,0.989010989010989,1,3,2,195.5,35.0
1005.0,26,7,1,0,0.989010989010989,1,3,2,194.5,35.0
1006.0,26,7,1,0,0.989010989010989,1,3,2,193.5,35.0
1007.0,26,7,1,0,0.989010989010989,1,3,2,192.5,35.0
1008.0,26,7,1,0,0.989010989010989,1,3,2,191.5,35.0
1009.0,26,7,1,0,0.989010989010989,1,3,2,190.5,35.0
1010.0,26,7,1,0,0.989010989010989,1,3,2,189.5,35.0
1011.0,26,7,1,0,0.989010989010989,1,3,2,188.5,35.0
1012.0,26,7,1,0,0.989010989010989,1,3,3,187.5,35.0
1013.0,26,7,1,0,0.989010989010989,1,3,3,186.5,35.0
1014.0,26,7,1,0,0.989010989010989,1,3,3,185.5,35.0
1015.0,26,7,1,0,0.989010989010989,1,3,3,184.5,35.0
1016.0,26,7,1,0,0.989010989010989,1,3,3,183.5,35.0
1017.0,25,7,1,0,0.9885714285714285,1,3,3,182.5,35.0
1018.0,25,7,1,0,0.9885714285714285,1,3,3,181.5,35.0
1019.0,25,7,1,0,0.9885714285714285,1,3,3,180.5,35.0
1020.0,25,7,1,0,0.9885714285714285,1,3,3,179.5,35.0
1021.0,25,7,1,0,0.9828571428571429,2,3,3,178.5,35.0
1022.0,26,7,1,0,0.9835164835164835,2,3,2,177.5,35.0
1023.0,26,7,1,0,0.9835164835164835,2,3,2,176.5,35.0
1024.0,25,7,1,0,0.9835164835164835,2,3,2,175.5,35.0
1025.0,25,7,1,0,0.9828571428571429,2,3,2,174.5,35.0
1026.0,24,7,1,0,0.9821428571428571,2,3,2,173.5,35.0
1027.0,23,7,1,0,0.9702380952380952,3,3,2,172.5,35.0
1028.0,23,7,1,0,0.968944099378882,3,3,2,171.5,35.0
1029.0,23,7,1,0,0.968944099378882,3,3,2,170.5,35.0
1030.0,23,7,1,0,0.968944099378882,3,3,2,169.5,35.0
1031.0,23,7,1,0,0.968944099378882,3,3,2,168.5,35.0
1032.0,23,7,1,0,0.968944099378882,3,3,2,167.5,35.0
1033.0,22,7,1,0,0.9675324675324676,3,3,2,166.5,35.0
1034.0,22,7,1,0,0.9675324675324676,3,3,2,165.5,35.0
1035.0,21,7,1,0,0.9659863945578231,3,3,2,196.5,35.0
1036.0,21,7,1,0,0.9659863945578231,3,3,2,195.5,35.0
1037.0,21,7,1,0,0.9659863945578231,3,3,2,194.5,35.0
1038.0,21,7,1,0,0.9659863945578231,3,3,3,193.5,35.0
1039.0,21,7,1,0,0.9795918367346939,2,3,3,192.5,35.0
1040.0,21,7,1,0,0.9795918367346939,2,3,3,191.5,35.0
1041.0,21,7,1,0,0.9795918367346939,2,3,3,190.5,35.0
1042.0,21,7,1,0,0.9795918367346939,2,3,3,189.5,35.0
1043.0,21,7,1,0,0.9931972789115646,1,3,2,188.5,35.0
1044.0,22,7,1,0,0.9935064935064936,1,3,2,187.5,35.0
1045.0,22,7,1,0,0.9935064935064936,1,3,2,186.5,35.0
1046.0,22,7,1,0,0.9935064935064936,1,3,2,185.5,35.0
1047.0,22,7,1,0,0.9935064935064936,1,3,2,184.5,35.0
1048.0,22,7,1,0,0.9935064935064936,1,3,2,183.5,35.0
1049.0,21,7,1,0,0.9935064935064936,1,3,2,182.5,35.0
1050.0,21,7,1,0,0.9931972789115646,1,3,2,181.5,35.0
1051.0,21,7,1,0,0.9931972789115646,1,3,2,180.5,35.0
1052.0,20,7,1,0,0.9714285714285714,2,3,0,179.5,35.0
1053.0,21,7,1,0,0.9727891156462585,2,3,0,178.5,35.0
1054.0,21,7,1,0,0.9727891156462585,2,3,0,177.5,35.0
1055.0,21,7,1,0,0.9727891156462585,2,3,0,176.5,35.0
1056.0,21,7,1,0,0.9727891156462585,2,3,0,175.5,35.0
1057.0,20,7,1,0,0.9928571428571429,1,3,0,174.5,35.0
1058.0,20,7,1,0,0.9928571428571429,1,3,0,173.5,35.0
1059.0,20,7,1,0,0.9928571428571429,1,3,0,172.5,35.0
1060.0,20,7,1,0,0.9928571428571429,1,3,0,171.5,35.0
1061.0,20,7,1,0,0.9931972789115646,1,3,0,170.5,35.0
1062.0,20,7,1,0,0.9428571428571428,2,3,0,379.0,35.0
1063.0,20,7,1,0,0.9428571428571428,2,3,0,378.0,35.0
1064.0,20,7,1,0,0.9428571428571428,2,3,0,377.0,35.0
1065.0,20,7,1,0,0.9928571428571429,1,3,0,376.0,35.0
1066.0,20,7,1,0,0.9928571428571429,1,3,0,375.0,35.0
1067.0,20,7,1,0,0.9928571428571429,1,3,1,374.0,35.0
1068.0,20,7,1,0,0.9928571428571429,1,3,1,373.0,35.0
1069.0,20,7,1,0,0.9928571428571429,1,3,1,372.0,35.0
1070.0,20,7,1,0,0.9928571428571429,1,3,1,371.0,35.0
1071.0,20,7,1,0,0.9928571428571429,1,3,1,370.0,35.0
1072.0,20,7,1,0,0.9928571428571429,1,3,2,369.0,35.0
1073.0,20,7,1,0,0.9928571428571429,1,3,2,368.0,35.0
1074.0,20,7,1,0,0.9928571428571429,1,3,2,367.0,35.0
1075.0,20,7,1,0,0.9642857142857143,2,3,1,366.0,35.0
1076.0,21,7,1,0,0.9659863945578231,2,3,0,365.0,35.0
1077.0,21,7,1,0,0.9659863945578231,2,3,0,364.0,35.0
1078.0,21,7,1,0,0.9659863945578231,2,3,0,363.0,35.0
1079.0,21,7,1,0,0.9659863945578231,2,3,0,362.0,35.0
1080.0,21,7,1,0,0.9659863945578231,2,3,0,361.0,35.0
1081.0,21,7,1,0,0.9659863945578231,2,3,0,360.0,35.0
1082.0,21,7,1,0,0.9659863945578231,2,3,0,359.0,35.0
1083.0,21,7,1,0,0.9659863945578231,2,3,0,358.0,35.0
1084.0,22,7,1,0,0.9675324675324676,2,3,0,357.0,35.0
1085.0,22,7,1,0,0.9675324675324676,2,3,0,356.0,35.0
1086.0,22,7,1,0,0.9675324675324676,2,3,0,355.0,35.0
1087.0,22,7,1,0,0.9675324675324676,2,3,0,354.0,35.0
1088.0,22,7,1,0,0.9675324675324676,2,3,0,353.0,35.0
1089.0,22,7,1,0,0.9675324675324676,2,3,0,352.0,35.0
1090.0,22,7,1,0,0.9675324675324676,2,3,0,351.0,35.0
1091.0,22,7,1,0,0.9675324675324676,2,3,0,350.0,35.0
1092.0,22,7,1,0,0.935064935064935,3,3,0,349.0,35.0
1093.0,22,7,1,0,0.935064935064935,3,3,0,348.0,35.0
1094.0,22,7,1,0,0.935064935064935,3,3,0,347.0,35.0
1095.0,22,7,1,0,0.935064935064935,3,3,0,346.0,35.0
1096.0,22,7,1,0,0.935064935064935,3,3,0,345.0,35.0
1097.0,23,7,1,0,0.937888198757764,3,3,0,344.0,35.0
1098.0,23,7,1,0,0.937888198757764,3,3,1,343.0,35.0
1099.0,23,7,1,0,0.937888198757764,3,3,0,342.0,35.0
1100.0,23,7,1,0,0.937888198757764,3,3,0,341.0,35.0
1101.0,23,7,1,0,0.937888198757764,3,3,0,340.0,35.0
1102.0,23,7,1,0,0.937888198757764,3,3,0,339.0,35.0
1103.0,23,7,1,0,0.937888198757764,3,3,0,338.0,35.0
1104.0,23,7,1,0,0.937888198757764,3,3,0,337.0,35.0
1105.0,24,7,1,0,0.9404761904761905,3,3,1,336.0,35.0
1106.0,24,7,1,0,0.9404761904761905,3,3,0,335.0,35.0
1107.0,24,7,1,0,0.9404761904761905,3,3,0,334.0,35.0
1108.0,24,7,1,0,0.9404761904761905,3,3,0,333.0,35.0
1109.0,24,7,1,0,0.9404761904761905,3,3,0,332.0,35.0
1110.0,24,7,1,0,0.9404761904761905,3,3,0,331.0,35.0
1111.0,24,7,1,0,0.9404761904761905,3,3,0,330.0,38.499999999999204
1112.0,24,7,1,0,0.9702380952380952,2,3,0,329.0,41.999999999999204
1113.0,25,7,1,0,0.9714285714285714,2,3,0,328.0,45.499999999999204
1114.0,25,7,1,0,0.9714285714285714,2,3,0,327.0,48.999999999999204
1115.0,25,7,1,0,0.9714285714285714,2,3,0,326.0,52.499999999999204
1116.0,25,7,1,0,0.9714285714285714,2,3,0,325.0,55.999999999999204
1117.0,25,7,1,0,0.9714285714285714,2,3,0,324.0,59.4999999999992
1118.0,25,7,1,0,0.9714285714285714,2,3,0,323.0,62.9999999999992
1119.0,25,7,1,0,0.9714285714285714,2,3,0,322.0,66.4999999999992
1120.0,25,7,1,0,0.9714285714285714,2,3,0,321.0,69.9999999999992
1121.0,26,7,1,0,0.9725274725274725,2,3,0,320.0,73.4999999999992
1122.0,26,7,1,0,0.9725274725274725,2,3,0,319.0,76.9999999999992
1123.0,26,7,1,0,0.9725274725274725,2,3,1,318.0,80.49999999999919
1124.0,26,7,1,0,0.9725274725274725,2,3,2,317.0,83.99999999999919
1125.0,26,7,1,0,0.9725274725274725,2,3,2,316.0,87.49999999999919
1126.0,26,7,1,0,0.9725274725274725,2,3,2,315.0,90.99999999999919
1127.0,26,7,1,0,0.9725274725274725,2,3,2,314.0,94.49999999999919
1128.0,26,7,1,0,0.9725274725274725,2,3,2,313.0,97.99999999999919
1129.0,26,7,1,0,0.9725274725274725,2,3,2,312.0,101.49999999999919
1130.0,26,7,1,0,0.9725274725274725,2,3,2,311.0,104.99999999999919
1131.0,26,7,1,0,0.9725274725274725,2,3,2,310.0,108.49999999999919
1132.0,26,7,1,0,0.9725274725274725,2,3,2,309.0,111.99999999999919
1133.0,26,7,1,0,0.9725274725274725,2,3,2,308.0,115.49999999999919
1134.0,26,7,1,0,0.9725274725274725,2,3,2,307.0,118.99999999999919
1135.0,27,7,1,0,0.9735449735449735,2,3,1,306.0,122.49999999999918
1136.0,27,7,1,0,0.9735449735449735,2,3,1,305.0,125.99999999999918
1137.0,27,7,1,0,0.9735449735449735,2,3,2,304.0,129.49999999999918
1138.0,27,7,1,0,0.9735449735449735,2,3,2,303.0,132.99999999999918
1139.0,27,7,1,0,0.9735449735449735,2,3,2,302.0,136.49999999999918
1140.0,27,7,1,0,0.9735449735449735,2,3,2,301.0,139.99999999999918
1141.0,27,7,1,0,0.9735449735449735,2,3,2,300.0,143.49999999999918
1142.0,27,7,1,0,0.9735449735449735,2,3,2,299.0,146.99999999999918
1143.0,27,7,1,0,0.9735449735449735,2,3,2,298.0,150.49999999999918
1144.0,27,7,1,0,0.9735449735449735,2,3,3,297.0,153.99999999999918
1145.0,28,7,1,0,0.9744897959183674,2,3,2,296.0,157.49999999999918
1146.0,28,7,1,0,0.9744897959183674,2,3,2,295.0,160.99999999999918
1147.0,28,7,1,0,0.9744897959183674,2,3,3,294.0,164.49999999999918
1148.0,28,7,1,0,0.9744897959183674,2,3,2,293.0,167.99999999999918
1149.0,28,7,1,0,0.9744897959183674,2,3,2,292.0,171.49999999999918
1150.0,28,7,1,0,0.9744897959183674,2,3,2,291.0,174.99999999999918
1151.0,28,7,1,0,0.9744897959183674,2,3,2,290.0,178.49999999999918
1152.0,28,7,1,0,0.9744897959183674,2,3,2,289.0,181.99999999999918
1153.0,29,7,1,0,0.9753694581280788,2,3,2,288.0,185.49999999999918
1154.0,29,7,1,0,0.9753694581280788,2,3,2,287.0,188.99999999999918
1155.0,29,7,1,0,0.9753694581280788,2,3,2,286.0,192.49999999999918
1156.0,29,7,1,0,0.9753694581280788,2,3,2,285.0,195.99999999999918
1157.0,29,7,1,0,0.9753694581280788,2,3,2,284.0,199.49999999999918
1158.0,29,7,1,0,0.9753694581280788,2,3,2,283.0,202.99999999999918
1159.0,29,7,1,0,0.9753694581280788,2,3,2,282.0,206.49999999999915
1160.0,29,7,1,0,0.9753694581280788,2,3,2,281.0,209.99999999999915
1161.0,30,7,1,0,0.9761904761904762,2,3,2,280.0,213.49999999999915
1162.0,30,7,1,0,0.9761904761904762,2,3,2,279.0,216.99999999999915
1163.0,30,7,1,0,0.9761904761904762,2,3,2,278.0,220.49999999999915
1164.0,30,7,1,0,0.9761904761904762,2,3,2,277.0,223.99999999999915
1165.0,30,7,1,0,0.9761904761904762,2,3,2,276.0,227.49999999999915
1166.0,30,7,1,0,0.9761904761904762,2,3,2,275.0,230.99999999999915
1167.0,30,7,1,0,0.9761904761904762,2,3,2,274.0,234.49999999999915
1168.0,30,7,1,0,0.9761904761904762,2,3,2,273.0,237.99999999999915
1169.0,31,7,1,0,0.9769585253456221,2,3,3,272.0,241.49999999999915
1170.0,31,7,1,0,0.9769585253456221,2,3,3,271.0,244.99999999999915
1171.0,31,7,1,0,0.9769585253456221,2,3,3,270.0,248.49999999999915
1172.0,31,7,1,0,0.9769585253456221,2,3,4,269.0,251.99999999999915
1173.0,31,7,1,0,0.9769585253456221,2,3,4,268.0,255.49999999999915
1174.0,31,7,1,0,0.9769585253456221,2,3,4,267.0,258.99999999999915
1175.0,31,7,1,0,0.9769585253456221,2,3,4,266.0,262.49999999999915
1176.0,31,7,1,0,0.9769585253456221,2,3,4,265.0,265.99999999999915
1177.0,32,7,1,0,0.9776785714285714,2,3,5,264.0,269.49999999999915
1178.0,32,7,1,0,0.9776785714285714,2,3,5,263.0,272.99999999999915
1179.0,32,7,1,0,0.9776785714285714,2,3,5,262.0,276.49999999999915
1180.0,32,7,1,0,0.9776785714285714,2,3,5,261.0,279.99999999999915
1181.0,32,7,1,0,0.9776785714285714,2,3,5,260.0,283.49999999999915
1182.0,32,7,1,0,0.9776785714285714,2,3,6,259.0,286.99999999999915
1183.0,32,7,1,0,0.9776785714285714,2,3,6,258.0,290.49999999999915
1184.0,32,7,1,0,0.9776785714285714,2,3,6,257.0,293.99999999999915
1185.0,32,7,1,0,0.9776785714285714,2,3,6,256.0,297.49999999999915
1186.0,32,7,1,0,0.9776785714285714,2,3,6,255.0,300.99999999999915
1187.0,32,7,1,0,0.9776785714285714,2,3,6,254.0,304.49999999999915
1188.0,32,7,1,0,0.9776785714285714,2,3,6,253.0,307.99999999999915
1189.0,32,7,1,0,0.9464285714285714,3,3,6,252.0,311.49999999999915
1190.0,32,7,1,0,0.9464285714285714,3,3,6,251.0,314.99999999999915
1191.0,32,7,1,0,0.9464285714285714,3,3,6,250.0,318.49999999999915
1192.0,32,7,1,0,0.9464285714285714,3,3,6,249.0,321.99999999999915
1193.0,32,7,1,0,0.9464285714285714,3,3,6,248.0,325.49999999999915
1194.0,32,7,1,0,0.9151785714285714,4,3,6,247.0,328.99999999999915
1195.0,32,7,1,0,0.9464285714285714,3,3,6,246.0,332.49999999999915
1196.0,32,7,1,0,0.9464285714285714,3,3,6,245.0,335.99999999999915
1197.0,32,7,1,0,0.9464285714285714,3,3,6,244.0,339.49999999999915
1198.0,32,7,1,0,0.9464285714285714,3,3,6,243.0,342.99999999999915
1199.0,32,7,1,0,0.9151785714285714,4,3,6,242.0,346.49999999999915
1200.0,32,7,1,0,0.9151785714285714,4,3,6,241.0,349.99999999999915
1201.0,32,7,1,0,0.9151785714285714,4,3,6,240.0,353.49999999999915
1202.0,32,7,1,0,0.9151785714285714,4,3,6,239.0,356.99999999999915
1203.0,32,7,1,0,0.9151785714285714,4,3,6,238.0,360.49999999999915
1204.0,32,7,1,0,0.9151785714285714,4,3,6,237.0,363.99999999999915
1205.0,32,7,1,0,0.9464285714285714,3,3,6,236.0,367.49999999999915
1206.0,32,7,1,0,0.9776785714285714,2,3,6,235.0,370.99999999999915
1207.0,32,7,1,0,0.9776785714285714,2,3,6,234.0,374.4999999999991
1208.0,32,7,1,0,0.9776785714285714,2,3,6,233.0,377.9999999999991
1209.0,32,7,1,0,0.9464285714285714,3,3,6,232.0,381.4999999999991
1210.0,32,7,1,0,0.9464285714285714,3,3,6,231.0,384.9999999999991
1211.0,32,7,1,0,0.9776785714285714,2,3,6,230.0,388.4999999999991
1212.0,32,7,1,0,0.9464285714285714,3,3,6,229.0,391.9999999999991
1213.0,32,7,1,0,0.9464285714285714,3,3,6,228.0,395.4999999999991
1214.0,32,7,1,0,0.9464285714285714,3,3,6,227.0,398.9999999999991
1215.0,32,7,1,0,0.9464285714285714,3,3,6,226.0,402.4999999999991
1216.0,32,7,1,0,0.9464285714285714,3,3,6,225.0,405.9999999999991
1217.0,32,7,1,0,0.9464285714285714,3,3,6,224.0,409.4999999999991
1218.0,32,7,1,0,0.9464285714285714,3,3,6,223.0,412.9999999999991
1219.0,32,7,1,0,0.9151785714285714,4,3,6,222.0,416.4999999999991
1220.0,32,7,1,0,0.9151785714285714,4,3,6,221.0,419.9999999999991
1221.0,32,7,1,0,0.9151785714285714,4,3,6,220.0,423.4999999999991
1222.0,32,7,1,0,0.9151785714285714,4,3,6,219.0,426.9999999999991
1223.0,32,7,1,0,0.9151785714285714,4,3,6,218.0,430.4999999999991
1224.0,32,7,1,0,0.9151785714285714,4,3,6,217.0,433.9999999999991
1225.0,32,7,1,0,0.9151785714285714,4,3,6,216.0,437.4999999999991
1226.0,32,7,1,0,0.8839285714285714,5,3,6,215.0,440.9999999999991
1227.0,32,7,1,0,0.8839285714285714,5,3,6,214.0,444.4999999999991
1228.0,32,7,1,0,0.9151785714285714,4,3,6,213.0,447.9999999999991
1229.0,32,7,1,0,0.9151785714285714,4,3,6,212.0,451.4999999999991
1230.0,32,7,1,0,0.9151785714285714,4,3,6,211.0,454.9999999999991
1231.0,32,7,1,0,0.9151785714285714,4,3,6,210.0,458.4999999999991
1232.0,32,7,1,0,0.9151785714285714,4,3,6,209.0,461.9999999999991
1233.0,32,7,1,0,0.9151785714285714,4,3,6,208.0,465.4999999999991
1234.0,32,7,1,0,0.9151785714285714,4,3,6,207.0,468.9999999999991
1235.0,32,7,1,0,0.9151785714285714,4,3,6,206.0,472.4999999999991
1236.0,32,7,1,0,0.9151785714285714,4,3,6,205.0,475.9999999999991
1237.0,32,7,1,0,0.9151785714285714,4,3,6,204.0,479.4999999999991
1238.0,32,7,1,0,0.8839285714285714,5,3,6,203.0,482.9999999999991
1239.0,32,7,1,0,0.9151785714285714,4,3,6,202.0,486.4999999999991
1240.0,32,7,1,0,0.8839285714285714,5,3,6,201.0,489.9999999999991
1241.0,32,7,1,0,0.8839285714285714,5,3,6,200.0,493.4999999999991
1242.0,32,7,1,0,0.8839285714285714,5,3,6,199.0,496.9999999999991
1243.0,32,7,1,0,0.8839285714285714,5,3,6,198.0,500.4999999999991
1244.0,32,7,1,0,0.8839285714285714,5,3,5,197.0,503.9999999999991
1245.0,33,7,1,0,0.8874458874458875,5,3,5,196.0,507.4999999999991
1246.0,33,7,1,0,0.8571428571428572,6,3,4,195.0,510.9999999999991
1247.0,33,7,1,0,0.8571428571428572,6,3,4,194.0,514.4999999999991
1248.0,33,7,1,0,0.8571428571428572,6,3,4,193.0,517.9999999999991
1249.0,33,7,1,0,0.8571428571428572,6,3,4,192.0,521.4999999999991
1250.0,33,7,1,0,0.8441558441558441,7,3,4,191.0,524.9999999999991
1251.0,33,7,1,0,0.8138528138528138,8,3,4,190.0,528.4999999999991
1252.0,33,7,1,0,0.8138528138528138,8,3,4,189.0,531.9999999999991
1253.0,34,7,1,0,0.7899159663865546,9,3,4,188.0,535.4999999999991
1254.0,34,7,1,0,0.7899159663865546,9,3,4,187.0,538.9999999999991
1255.0,34,7,1,0,0.8109243697478992,9,3,4,186.0,542.4999999999991
1256.0,34,7,1,0,0.8109243697478992,9,3,4,185.0,545.9999999999991
1257.0,34,7,1,0,0.8109243697478992,9,3,4,184.0,549.4999999999991
1258.0,34,7,1,0,0.8109243697478992,9,3,4,183.0,552.9999999999991
1259.0,34,7,1,0,0.7815126050420168,10,3,4,182.0,556.4999999999991
1260.0,34,7,1,0,0.7815126050420168,10,3,3,181.0,559.9999999999991
1261.0,35,7,1,0,0.7877551020408163,10,3,3,180.0,563.4999999999991
1262.0,35,7,1,0,0.7591836734693878,11,3,3,179.0,566.9999999999991
1263.0,35,7,1,0,0.7591836734693878,11,3,3,178.0,570.4999999999991
1264.0,35,7,1,0,0.7591836734693878,11,3,3,177.0,573.9999999999991
1265.0,35,7,1,0,0.7877551020408163,10,3,3,176.0,577.4999999999991
1266.0,35,7,1,0,0.8163265306122449,9,3,3,175.0,580.9999999999991
1267.0,35,7,1,0,0.8163265306122449,9,3,3,174.0,584.4999999999991
1268.0,35,7,1,0,0.8244897959183674,9,3,3,173.0,587.9999999999991
1269.0,35,7,1,0,0.8244897959183674,9,3,3,172.0,591.4999999999991
1270.0,35,7,1,0,0.8244897959183674,9,3,3,171.0,594.9999999999991
1271.0,35,7,1,0,0.8244897959183674,9,3,3,170.0,598.4999999999991
1272.0,35,7,1,0,0.8244897959183674,9,3,3,169.0,601.9999999999991
1273.0,35,7,1,0,0.8244897959183674,9,3,3,168.0,605.4999999999991
1274.0,35,7,1,0,0.8530612244897959,8,3,3,167.0,608.9999999999991
1275.0,35,7,1,0,0.7959183673469388,10,3,3,166.0,612.4999999999991
1276.0,35,7,1,0,0.7959183673469388,10,3,3,165.0,615.9999999999991
1277.0,35,7,1,0,0.7673469387755102,11,3,3,164.0,619.4999999999991
1278.0,35,7,1,0,0.7673469387755102,11,3,3,163.0,622.9999999999991
1279.0,35,7,1,0,0.7673469387755102,11,3,3,162.0,626.4999999999991
1280.0,35,7,1,0,0.7673469387755102,11,3,3,161.0,629.9999999999991
1281.0,35,7,1,0,0.7387755102040816,12,3,2,160.0,633.4999999999991
1282.0,35,7,1,0,0.746031746031746,12,3,2,159.0,636.9999999999991
1283.0,35,7,1,0,0.7738095238095238,11,3,2,158.0,640.4999999999991
1284.0,35,7,1,0,0.8015873015873016,10,3,2,157.0,643.9999999999991
1285.0,35,7,1,0,0.8293650793650793,9,3,2,156.0,647.4999999999991
1286.0,35,7,1,0,0.8015873015873016,10,3,2,155.0,650.9999999999991
1287.0,35,7,1,0,0.7738095238095238,11,3,2,154.0,654.4999999999991
1288.0,35,7,1,0,0.7738095238095238,11,3,2,153.0,657.9999999999991
1289.0,35,7,1,0,0.7738095238095238,11,3,2,152.0,661.4999999999991
1290.0,35,7,1,0,0.8015873015873016,10,3,2,151.0,664.9999999999991
1291.0,35,7,1,0,0.8015873015873016,10,3,2,150.0,668.4999999999991
1292.0,35,7,1,0,0.8015873015873016,10,3,2,149.0,671.9999999999991
1293.0,35,7,1,0,0.7738095238095238,11,3,2,148.0,675.4999999999991
1294.0,35,7,1,0,0.7738095238095238,11,3,2,147.0,678.9999999999991
1295.0,35,7,1,0,0.7738095238095238,11,3,2,146.0,682.4999999999991
1296.0,35,7,1,0,0.7738095238095238,11,3,2,145.0,685.9999999999991
1297.0,35,7,1,0,0.7222222222222222,13,3,2,144.0,689.4999999999991
1298.0,35,7,1,0,0.7222222222222222,13,3,2,143.0,692.9999999999991
1299.0,35,7,1,0,0.75,12,3,2,142.0,696.4999999999991
1300.0,35,7,1,0,0.75,12,3,2,141.0,699.9999999999991
1301.0,35,7,1,0,0.75,12,3,2,140.0,703.4999999999991
1302.0,36,7,1,0,0.75,12,3,2,139.0,706.9999999999991
1303.0,36,7,1,0,0.75,12,3,2,138.0,710.499999999999
1304.0,36,7,1,0,0.75,12,3,2,137.0,713.999999999999
1305.0,36,7,1,0,0.7738095238095238,11,3,2,136.0,717.499999999999
1306.0,36,7,1,0,0.7738095238095238,11,3,2,135.0,720.999999999999
1307.0,36,7,1,0,0.7738095238095238,11,3,2,134.0,724.499999999999
1308.0,36,7,1,0,0.746031746031746,12,3,2,133.0,727.999999999999
1309.0,36,7,1,0,0.746031746031746,12,3,2,132.0,731.499999999999
1310.0,36,7,1,0,0.746031746031746,12,3,2,131.0,734.999999999999
1311.0,36,6,0,0,0.7592592592592593,11,3,2,130.0,738.499999999999
1312.0,36,6,0,0,0.7592592592592593,11,3,2,129.0,741.999999999999
1313.0,36,6,0,0,0.7314814814814814,12,3,2,128.0,745.499999999999
1314.0,36,6,0,0,0.7314814814814814,12,3,2,127.0,748.999999999999
1315.0,36,6,0,0,0.7592592592592593,11,3,2,126.0,752.499999999999
1316.0,36,6,0,0,0.7592592592592593,11,3,2,125.0,755.999999999999
1317.0,36,6,0,0,0.7592592592592593,11,3,2,124.0,759.499999999999
1318.0,36,6,0,0,0.7592592592592593,11,3,2,123.0,762.999999999999
1319.0,36,6,0,0,0.7592592592592593,11,3,2,122.0,766.499999999999
1320.0,36,6,0,0,0.7592592592592593,11,3,2,121.0,769.999999999999
1321.0,36,6,0,0,0.7314814814814814,12,3,2,120.0,773.499999999999
1322.0,36,6,0,0,0.7314814814814814,12,3,2,119.0,776.999999999999
1323.0,36,5,0,0,0.7314814814814814,12,3,2,118.0,780.499999999999
1324.0,36,5,0,0,0.7722222222222223,10,3,2,117.0,783.999999999999
1325.0,36,5,0,0,0.7444444444444445,11,3,2,116.0,787.499999999999
1326.0,36,5,0,0,0.7444444444444445,11,3,2,115.0,790.999999999999
1327.0,36,5,0,0,0.7444444444444445,11,3,2,114.0,794.499999999999
1328.0,36,5,0,0,0.7444444444444445,11,3,2,113.0,797.999999999999
1329.0,36,4,0,0,0.7444444444444445,11,3,2,112.0,801.499999999999
1330.0,36,4,0,0,0.7569444444444444,10,3,2,111.0,804.999999999999
1331.0,36,4,0,0,0.7569444444444444,10,3,2,110.0,808.499999999999
1332.0,36,4,0,0,0.7569444444444444,10,3,2,109.0,811.999999999999
1333.0,36,4,0,0,0.7569444444444444,10,3,2,108.0,815.499999999999
1334.0,36,4,0,0,0.7569444444444444,10,3,2,107.0,818.999999999999
1335.0,36,4,0,0,0.7569444444444444,10,3,2,106.0,822.499999999999
1336.0,36,4,0,0,0.7013888888888888,12,3,2,105.0,825.999999999999
1337.0,36,4,0,0,0.7013888888888888,12,3,2,104.0,829.499999999999
1338.0,36,4,0,0,0.7291666666666667,11,3,2,103.0,832.999999999999
1339.0,36,4,0,0,0.7291666666666667,11,3,2,102.0,836.499999999999
1340.0,36,3,0,0,0.8055555555555556,7,3,2,101.0,839.999999999999
1341.0,36,3,0,0,0.8055555555555556,7,3,2,100.0,843.499999999999
1342.0,36,3,0,0,0.8055555555555556,7,3,2,99.0,846.999999999999
1343.0,36,2,0,0,0.7407407407407407,10,3,2,98.0,850.499999999999
1344.0,35,2,0,0,0.7777777777777778,8,3,2,97.0,853.999999999999
1345.0,35,2,0,0,0.8,7,3,2,96.0,857.499999999999
1346.0,35,2,0,0,0.8285714285714285,6,3,2,95.0,860.999999999999
1347.0,35,2,0,0,0.8,7,3,2,94.0,864.499999999999
1348.0,35,1,0,0,0.8285714285714285,6,3,2,93.0,867.999999999999
1349.0,35,1,0,0,0.8285714285714285,6,3,2,92.0,871.499999999999
1350.0,35,1,0,0,0.8285714285714285,6,3,2,91.0,874.999999999999
1351.0,35,1,0,0,0.8285714285714285,6,3,2,90.0,878.499999999999
1352.0,35,1,0,0,0.8285714285714285,6,3,2,89.0,881.999999999999
1353.0,35,0,0,0,0.0,0,3,2,88.0,885.499999999999
1354.0,34,0,0,0,0.0,0,3,2,159.0,888.999999999999
1355.0,34,0,0,0,0.0,0,3,2,158.0,892.499999999999
1356.0,34,0,0,0,0.0,0,3,2,157.0,895.999999999999
1357.0,34,0,0,0,0.0,0,3,2,156.0,899.499999999999
1358.0,34,0,0,0,0.0,0,3,2,155.0,902.999999999999
1359.0,34,0,0,0,0.0,0,3,2,154.0,906.499999999999
1360.0,34,0,0,0,0.0,0,3,2,153.0,909.999999999999
1361.0,34,0,0,0,0.0,0,3,2,152.0,913.499999999999
1362.0,34,0,0,0,0.0,0,3,2,151.0,916.999999999999
1363.0,34,0,0,0,0.0,0,3,2,150.0,920.499999999999
1364.0,34,0,0,0,0.0,0,3,2,149.0,923.999999999999
1365.0,34,0,0,0,0.0,0,3,2,148.0,927.499999999999
1366.0,34,0,0,0,0.0,0,3,2,147.0,930.999999999999
1367.0,34,0,0,0,0.0,0,3,2,146.0,934.499999999999
1368.0,34,0,0,0,0.0,0,3,2,145.0,937.999999999999
1369.0,34,0,0,0,0.0,0,3,2,144.0,941.499999999999
1370.0,34,0,0,0,0.0,0,3,2,143.0,944.999999999999
1371.0,34,0,0,0,0.0,0,3,2,142.0,948.499999999999
1372.0,34,0,0,0,0.0,0,3,2,141.0,951.999999999999
1373.0,34,0,0,0,0.0,0,3,2,140.0,955.499999999999
1374.0,34,0,0,0,0.0,0,3,2,139.0,958.999999999999
1375.0,34,0,0,0,0.0,0,3,2,138.0,962.499999999999
1376.0,34,0,0,0,0.0,0,3,2,137.0,965.0
1377.0,34,0,0,0,0.0,0,3,2,136.0,965.0
1378.0,34,0,0,0,0.0,0,3,2,135.0,965.0
1379.0,34,0,0,0,0.0,0,3,2,134.0,965.0
1380.0,34,0,0,0,0.0,0,3,2,133.0,965.0
1381.0,34,0,0,0,0.0,0,3,2,132.0,965.0
1382.0,34,0,0,0,0.0,0,3,2,131.0,965.0
1383.0,34,0,0,0,0.0,0,3,2,130.0,965.0
1384.0,34,0,0,0,0.0,0,3,2,129.0,965.0
1385.0,34,0,0,0,0.0,0,3,2,128.0,965.0
1386.0,34,0,0,0,0.0,0,3,2,127.0,965.0
1387.0,34,0,0,0,0.0,0,3,2,126.0,965.0
1388.0,34,0,0,0,0.0,0,3,2,125.0,965.0
1389.0,34,0,0,0,0.0,0,3,2,124.0,965.0
1390.0,34,0,0,0,0.0,0,3,2,123.0,965.0
1391.0,34,0,0,0,0.0,0,3,2,122.0,965.0
1392.0,34,0,0,0,0.0,0,3,2,121.0,965.0
1393.0,34,0,0,0,0.0,0,3,2,120.0,965.0
1394.0,34,0,0,0,0.0,0,3,2,119.0,965.0
1395.0,34,0,0,0,0.0,0,3,2,118.0,965.0
1396.0,34,0,0,0,0.0,0,3,2,117.0,965.0
1397.0,34,2,0,0,0.6029411764705883,14,3,2,116.0,965.0
1398.0,34,2,0,0,0.6029411764705883,14,3,2,115.0,965.0
1399.0,34,2,0,0,0.6029411764705883,14,3,2,114.0,965.0
1400.0,34,3,0,0,0.6176470588235294,14,3,2,113.0,965.0
1401.0,34,3,0,0,0.6176470588235294,14,3,2,112.0,965.0
1402.0,34,3,0,0,0.588235294117647,15,3,2,111.0,965.0
1403.0,34,3,0,0,0.588235294117647,15,3,2,110.0,965.0
1404.0,34,3,0,0,0.588235294117647,15,3,2,109.0,965.0
1405.0,34,3,0,0,0.5588235294117647,16,3,2,108.0,965.0
1406.0,34,3,0,0,0.5588235294117647,16,3,2,107.0,965.0
1407.0,34,3,0,0,0.5588235294117647,16,3,2,106.0,965.0
1408.0,34,3,0,0,0.5588235294117647,16,3,2,105.0,965.0
1409.0,34,3,0,0,0.5588235294117647,16,3,2,104.0,965.0
1410.0,34,3,0,0,0.5588235294117647,16,3,2,103.0,965.0
1411.0,34,3,0,0,0.5588235294117647,16,3,2,102.0,965.0
1412.0,34,3,0,0,0.5588235294117647,16,3,2,101.0,965.0
1413.0,34,3,0,0,0.5588235294117647,16,3,2,100.0,965.0
1414.0,34,3,0,0,0.5588235294117647,16,3,2,99.0,965.0
1415.0,34,3,0,0,0.5588235294117647,16,3,2,98.0,965.0
1416.0,34,4,0,0,0.588235294117647,15,3,2,97.0,965.0
1417.0,34,4,0,0,0.6029411764705883,15,3,2,96.0,965.0
1418.0,34,4,0,0,0.5735294117647058,16,3,2,95.0,965.0
1419.0,34,5,0,0,0.5735294117647058,16,3,2,94.0,965.0
1420.0,34,5,0,0,0.5882352941176471,16,3,2,93.0,965.0
1421.0,34,5,0,0,0.5882352941176471,16,3,2,92.0,965.0
1422.0,33,5,0,0,0.6,15,3,2,99.0,965.0
1423.0,33,5,0,0,0.6,15,3,2,98.0,965.0
1424.0,33,5,0,0,0.6,15,3,2,97.0,965.0
1425.0,33,6,0,0,0.606060606060606,15,3,2,96.0,965.0
1426.0,33,6,0,0,0.606060606060606,15,3,2,95.0,965.0
1427.0,33,6,0,0,0.606060606060606,15,3,2,94.0,965.0
1428.0,33,6,0,0,0.6666666666666667,13,3,2,93.0,965.0
1429.0,32,6,0,0,0.65625,13,3,2,100.0,965.0
1430.0,32,6,0,0,0.65625,13,3,2,99.0,965.0
1431.0,32,6,0,0,0.65625,13,3,2,98.0,965.0
1432.0,32,7,1,0,0.6510416666666667,14,3,2,97.0,965.0
1433.0,32,7,1,0,0.6160714285714286,16,3,2,96.0,965.0
1434.0,32,7,1,0,0.6160714285714286,16,3,2,95.0,965.0
1435.0,32,7,1,0,0.6160714285714286,16,3,2,94.0,965.0
1436.0,32,7,1,0,0.6160714285714286,16,3,2,93.0,965.0
1437.0,31,7,1,0,0.6160714285714286,16,3,2,231.0,965.0
1438.0,31,7,1,0,0.6036866359447004,16,3,2,230.0,965.0
1439.0,31,7,1,0,0.6036866359447004,16,3,2,229.0,965.0
1440.0,31,7,1,0,0.6036866359447004,16,3,2,228.0,965.0
1441.0,31,7,1,0,0.6036866359447004,16,3,2,227.0,965.0
1442.0,31,7,1,0,0.6036866359447004,16,3,2,226.0,965.0
1443.0,31,7,1,0,0.6175115207373272,15,3,2,225.0,965.0
1444.0,31,7,1,0,0.6175115207373272,15,3,2,224.0,965.0
1445.0,31,7,1,0,0.6175115207373272,15,3,2,223.0,965.0
1446.0,31,7,1,0,0.6175115207373272,15,3,2,222.0,965.0
1447.0,31,7,1,0,0.6175115207373272,15,3,2,221.0,965.0
1448.0,31,7,1,0,0.6175115207373272,15,3,2,220.0,965.0
1449.0,31,7,1,0,0.6175115207373272,15,3,2,219.0,965.0
1450.0,31,7,1,0,0.6175115207373272,15,3,2,218.0,965.0
1451.0,31,7,1,0,0.6175115207373272,15,3,2,217.0,965.0
1452.0,31,7,1,0,0.6175115207373272,15,3,2,216.0,965.0
1453.0,31,7,1,0,0.6036866359447004,16,3,2,215.0,965.0
1454.0,31,7,1,0,0.6036866359447004,16,3,2,214.0,965.0
1455.0,31,7,1,0,0.6036866359447004,16,3,2,213.0,965.0
1456.0,31,7,1,0,0.6036866359447004,16,3,2,212.0,965.0
1457.0,31,7,1,0,0.6036866359447004,16,3,2,211.0,965.0
1458.0,31,7,1,0,0.6036866359447004,16,3,2,210.0,965.0
1459.0,31,7,1,0,0.6036866359447004,16,3,2,209.0,965.0
1460.0,31,7,1,0,0.6036866359447004,16,3,2,208.0,965.0
1461.0,31,7,1,0,0.6036866359447004,16,3,2,207.0,965.0
1462.0,31,7,1,0,0.6036866359447004,16,3,2,206.0,965.0
1463.0,31,7,1,0,0.6129032258064516,15,3,2,205.0,965.0
1464.0,31,7,1,0,0.6129032258064516,15,3,3,204.0,965.0
1465.0,32,7,1,0,0.625,15,3,2,203.0,965.0
1466.0,32,7,1,0,0.625,15,3,2,202.0,965.0
1467.0,32,7,1,0,0.625,15,3,2,201.0,965.0
1468.0,32,7,1,0,0.625,15,3,2,200.0,965.0
1469.0,32,7,1,0,0.625,15,3,2,199.0,965.0
1470.0,32,7,1,0,0.65625,14,3,2,198.0,965.0
1471.0,32,7,1,0,0.65625,14,3,2,197.0,965.0
1472.0,32,7,1,0,0.65625,14,3,2,196.0,965.0
1473.0,32,7,1,0,0.6383928571428572,15,3,2,195.0,965.0
1474.0,32,7,1,0,0.6383928571428572,15,3,3,194.0,965.0
1475.0,33,7,1,0,0.6493506493506493,15,3,2,193.0,965.0
1476.0,33,7,1,0,0.6493506493506493,15,3,2,192.0,965.0
1477.0,33,7,1,0,0.6796536796536796,14,3,2,191.0,965.0
1478.0,33,7,1,0,0.6796536796536796,14,3,2,190.0,965.0
1479.0,33,7,1,0,0.6796536796536796,14,3,2,189.0,965.0
1480.0,33,7,1,0,0.6796536796536796,14,3,2,188.0,965.0
1481.0,33,7,1,0,0.6796536796536796,14,3,2,187.0,965.0
1482.0,33,7,1,0,0.6796536796536796,14,3,2,186.0,965.0
1483.0,33,7,1,0,0.6796536796536796,14,3,2,185.0,965.0
1484.0,33,7,1,0,0.683982683982684,13,3,2,184.0,965.0
1485.0,33,7,1,0,0.6536796536796536,14,3,2,183.0,965.0
1486.0,33,7,1,0,0.6536796536796536,14,3,2,182.0,965.0
1487.0,33,7,1,0,0.6536796536796536,14,3,2,181.0,965.0
1488.0,33,7,1,0,0.7142857142857143,12,3,2,180.0,965.0
1489.0,33,7,1,0,0.7142857142857143,12,3,2,179.0,965.0
1490.0,33,7,1,0,0.7142857142857143,12,3,2,178.0,965.0
1491.0,33,7,1,0,0.7142857142857143,12,3,2,177.0,965.0
1492.0,33,7,1,0,0.7142857142857143,12,3,2,176.0,965.0
1493.0,33,7,1,0,0.6926406926406927,13,3,2,175.0,965.0
1494.0,33,7,1,0,0.6926406926406927,13,3,2,174.0,965.0
1495.0,33,7,1,0,0.722943722943723,12,3,2,173.0,965.0
1496.0,33,7,1,0,0.722943722943723,12,3,2,172.0,965.0
1497.0,33,7,1,0,0.722943722943723,12,3,2,171.0,965.0
1498.0,33,7,1,0,0.722943722943723,12,3,2,170.0,965.0
1499.0,33,7,1,0,0.6926406926406927,13,3,2,169.0,965.0
1500.0,33,7,1,0,0.6926406926406927,13,3,2,168.0,965.0
1501.0,33,7,1,0,0.6926406926406927,13,3,2,167.0,965.0
1502.0,33,7,1,0,0.722943722943723,12,3,2,166.0,965.0
1503.0,33,7,1,0,0.722943722943723,12,3,2,165.0,965.0
1504.0,33,7,1,0,0.722943722943723,12,3,2,164.0,965.0
1505.0,33,7,1,0,0.722943722943723,12,3,2,163.0,965.0
1506.0,33,7,1,0,0.722943722943723,12,3,2,162.0,965.0
1507.0,33,7,1,0,0.722943722943723,12,3,2,161.0,965.0
1508.0,33,7,1,0,0.722943722943723,12,3,2,160.0,965.0
1509.0,33,7,1,0,0.722943722943723,12,3,2,159.0,965.0
1510.0,33,7,1,0,0.722943722943723,12,3,2,158.0,965.0
1511.0,33,7,1,0,0.722943722943723,12,3,2,157.0,965.0
1512.0,33,7,1,0,0.722943722943723,12,3,2,156.0,965.0
1513.0,33,7,1,0,0.722943722943723,12,3,2,155.0,965.0
1514.0,33,7,1,0,0.6666666666666666,14,3,2,154.0,965.0
1515.0,33,7,1,0,0.6666666666666666,14,3,2,153.0,965.0
1516.0,33,7,1,0,0.6666666666666666,14,3,2,152.0,965.0
1517.0,33,7,1,0,0.6666666666666666,14,3,2,151.0,965.0
1518.0,33,7,1,0,0.6666666666666666,14,3,2,150.0,965.0
1519.0,33,7,1,0,0.6666666666666666,14,3,2,149.0,963.5000000000011
1520.0,33,7,1,0,0.6666666666666666,14,3,2,148.0,960.0000000000011
1521.0,33,7,1,0,0.6666666666666666,14,3,2,147.0,956.5000000000011
1522.0,33,7,1,0,0.6666666666666666,14,3,2,146.0,953.0000000000011
1523.0,33,7,1,0,0.6666666666666666,14,3,2,145.0,949.5000000000011
1524.0,33,7,1,0,0.6666666666666666,14,3,2,144.0,946.0000000000011
1525.0,33,7,1,0,0.6666666666666666,14,3,2,143.0,942.5000000000011
1526.0,33,7,1,0,0.6666666666666666,14,3,2,142.0,939.0000000000011
1527.0,33,7,1,0,0.696969696969697,13,3,2,141.0,935.5000000000011
1528.0,33,7,1,0,0.696969696969697,13,3,2,140.0,932.0000000000011
1529.0,33,7,1,0,0.696969696969697,13,3,2,139.0,928.5000000000011
1530.0,33,7,1,0,0.696969696969697,13,3,2,138.0,925.0000000000011
1531.0,33,7,1,0,0.6666666666666666,14,3,2,137.0,921.5000000000011
1532.0,33,7,1,0,0.6666666666666666,14,3,2,136.0,918.0000000000011
1533.0,33,7,1,0,0.6666666666666666,14,3,2,135.0,914.5000000000011
1534.0,33,7,1,0,0.6666666666666666,14,3,2,134.0,911.0000000000011
1535.0,33,7,1,0,0.6666666666666666,14,3,2,133.0,907.5000000000011
1536.0,33,7,1,0,0.6666666666666666,14,3,2,132.0,904.0000000000011
1537.0,33,7,1,0,0.6666666666666666,14,3,2,131.0,900.5000000000011
1538.0,33,7,1,0,0.6666666666666666,14,3,2,130.0,897.0000000000011
1539.0,33,7,1,0,0.6666666666666666,14,3,2,129.0,893.5000000000011
1540.0,33,7,1,0,0.6926406926406927,13,3,2,128.0,890.0000000000011
1541.0,33,7,1,0,0.6926406926406927,13,3,2,127.0,886.5000000000011
1542.0,33,7,1,0,0.6926406926406927,13,3,2,126.0,883.0000000000011
1543.0,34,7,1,0,0.7016806722689075,13,3,2,125.0,879.5000000000011
1544.0,34,7,1,0,0.7016806722689075,13,3,2,124.0,876.0000000000011
1545.0,34,7,1,0,0.7016806722689075,13,3,2,123.0,872.5000000000011
1546.0,34,7,1,0,0.7016806722689075,13,3,2,122.0,869.0000000000011
1547.0,34,7,1,0,0.7016806722689075,13,3,2,121.0,865.5000000000011
1548.0,34,7,1,0,0.6722689075630253,14,3,2,120.0,862.0000000000011
1549.0,34,7,1,0,0.7058823529411765,13,3,3,119.0,858.5000000000011
1550.0,34,7,1,0,0.7058823529411765,13,3,3,118.0,855.0000000000011
1551.0,34,7,1,0,0.7058823529411765,13,3,3,117.0,851.5000000000011
1552.0,34,7,1,0,0.7058823529411765,13,3,3,116.0,848.0000000000011
1553.0,34,7,1,0,0.7058823529411765,13,3,3,115.0,844.5000000000011
1554.0,34,7,1,0,0.7058823529411765,13,3,3,114.0,841.0000000000011
1555.0,34,7,1,0,0.7058823529411765,13,3,3,113.0,837.5000000000011
1556.0,34,7,1,0,0.7058823529411765,13,3,3,112.0,834.0000000000011
1557.0,34,7,1,0,0.7058823529411765,13,3,4,111.0,830.5000000000011
1558.0,34,7,1,0,0.7058823529411765,13,3,4,110.0,827.0000000000011
1559.0,34,7,1,0,0.7058823529411765,13,3,4,109.0,823.5000000000011
1560.0,34,7,1,0,0.7058823529411765,13,3,4,108.0,820.0000000000011
1561.0,34,7,1,0,0.7058823529411765,13,3,4,107.0,816.5000000000011
1562.0,34,7,1,0,0.73109243697479,12,3,4,106.0,813.0000000000011
1563.0,33,7,1,0,0.73109243697479,12,3,4,113.0,809.5000000000011
1564.0,34,7,1,0,0.73109243697479,12,3,3,112.0,806.0000000000011
1565.0,34,7,1,0,0.73109243697479,12,3,3,111.0,802.5000000000011
1566.0,34,7,1,0,0.73109243697479,12,3,3,110.0,799.0000000000011
1567.0,34,7,1,0,0.7605042016806722,11,3,3,109.0,795.5000000000011
1568.0,34,7,1,0,0.73109243697479,12,3,3,108.0,792.0000000000011
1569.0,34,7,1,0,0.73109243697479,12,3,3,107.0,788.5000000000011
1570.0,34,7,1,0,0.73109243697479,12,3,3,106.0,785.0000000000011
1571.0,34,7,1,0,0.7352941176470589,12,3,3,105.0,781.5000000000011
1572.0,33,7,1,0,0.7272727272727273,12,3,3,115.5,778.0000000000011
1573.0,33,7,1,0,0.7272727272727273,12,3,3,114.5,774.5000000000011
1574.0,33,7,1,0,0.7272727272727273,12,3,3,113.5,771.0000000000011
1575.0,33,7,1,0,0.696969696969697,13,3,3,112.5,767.5000000000011
1576.0,33,7,1,0,0.696969696969697,13,3,3,111.5,764.0000000000011
1577.0,33,7,1,0,0.696969696969697,13,3,3,110.5,760.5000000000011
1578.0,34,7,1,0,0.7058823529411765,13,3,2,109.5,757.0000000000011
1579.0,34,7,1,0,0.7058823529411765,13,3,2,108.5,753.5000000000011
1580.0,34,7,1,0,0.7352941176470589,12,3,2,107.5,750.0000000000011
1581.0,34,7,1,0,0.7058823529411765,13,3,2,106.5,746.5000000000011
1582.0,34,7,1,0,0.7058823529411765,13,3,2,105.5,743.0000000000011
1583.0,34,7,1,0,0.7058823529411765,13,3,2,104.5,739.5000000000011
1584.0,34,7,1,0,0.73109243697479,12,3,2,103.5,736.0000000000011
1585.0,34,7,1,0,0.73109243697479,12,3,2,102.5,732.5000000000011
1586.0,34,7,1,0,0.73109243697479,12,3,2,101.5,729.0000000000011
1587.0,34,7,1,0,0.73109243697479,12,3,2,100.5,725.5000000000011
1588.0,33,7,1,0,0.73109243697479,12,3,2,107.5,722.0000000000011
1589.0,33,7,1,0,0.722943722943723,12,3,2,106.5,718.5000000000011
1590.0,33,7,1,0,0.6926406926406927,13,3,2,105.5,715.0000000000011
1591.0,33,7,1,0,0.6926406926406927,13,3,2,104.5,711.5000000000011
1592.0,33,7,1,0,0.6926406926406927,13,3,2,103.5,708.0000000000011
1593.0,33,7,1,0,0.696969696969697,13,3,2,102.5,704.5000000000011
1594.0,33,7,1,0,0.7272727272727273,12,3,2,101.5,701.0000000000011
1595.0,33,7,1,0,0.7272727272727273,12,3,2,100.5,697.5000000000011
1596.0,33,7,1,0,0.696969696969697,13,3,2,99.5,694.0000000000011
1597.0,33,7,1,0,0.696969696969697,13,3,2,98.5,690.5000000000011
1598.0,33,7,1,0,0.696969696969697,13,3,2,97.5,687.0000000000011
1599.0,32,7,1,0,0.75,11,3,2,104.5,683.5000000000011
1600.0,32,7,1,0,0.78125,10,3,2,103.5,680.0000000000011
1601.0,32,7,1,0,0.78125,10,3,2,102.5,676.5000000000011
1602.0,32,7,1,0,0.78125,10,3,2,101.5,673.0000000000011
1603.0,32,7,1,0,0.78125,10,3,2,100.5,669.5000000000011
1604.0,32,7,1,0,0.78125,10,3,2,99.5,666.0000000000011
1605.0,32,7,1,0,0.75,11,3,2,98.5,662.5000000000011
1606.0,31,7,1,0,0.8018433179723502,9,3,2,97.5,659.0000000000011
1607.0,31,7,1,0,0.8018433179723502,9,3,2,96.5,655.5000000000011
1608.0,31,7,1,0,0.8018433179723502,9,3,2,95.5,652.0000000000011
1609.0,31,7,1,0,0.7695852534562212,10,3,2,94.5,648.5000000000011
1610.0,31,7,1,0,0.7695852534562212,10,3,2,93.5,645.0000000000011
1611.0,30,7,1,0,0.7695852534562212,10,3,2,92.5,641.5000000000011
1612.0,30,7,1,0,0.7619047619047619,10,3,2,99.5,638.0000000000011
1613.0,30,7,1,0,0.7619047619047619,10,3,2,98.5,634.5000000000011
1614.0,30,7,1,0,0.7619047619047619,10,3,2,97.5,631.0000000000011
1615.0,30,7,1,0,0.8285714285714285,8,3,2,96.5,627.5000000000013
1616.0,30,7,1,0,0.8,9,3,2,95.5,624.0000000000013
1617.0,30,7,1,0,0.8,9,3,2,94.5,620.5000000000013
1618.0,30,7,1,0,0.8,9,3,2,93.5,617.0000000000013
1619.0,30,7,1,0,0.8,9,3,2,92.5,613.5000000000013
1620.0,29,7,1,0,0.7666666666666666,10,3,2,91.5,610.0000000000013
1621.0,29,7,1,0,0.7241379310344828,11,3,2,90.5,606.5000000000013
1622.0,29,7,1,0,0.7241379310344828,11,3,2,89.5,603.0000000000013
1623.0,29,7,1,0,0.7241379310344828,11,3,2,88.5,599.5000000000013
1624.0,29,7,1,0,0.7241379310344828,11,3,2,87.5,596.0000000000013
1625.0,29,7,1,0,0.7241379310344828,11,3,2,86.5,592.5000000000013
1626.0,29,7,1,0,0.7586206896551724,10,3,2,85.5,589.0000000000013
1627.0,29,7,1,0,0.7241379310344828,11,3,2,84.5,585.5000000000013
1628.0,28,7,1,0,0.7448979591836735,10,3,2,83.5,582.0000000000013
1629.0,28,7,1,0,0.7448979591836735,10,3,2,82.5,578.5000000000013
1630.0,28,7,1,0,0.7806122448979591,9,3,2,81.5,575.0000000000013
1631.0,27,7,1,0,0.7806122448979591,9,3,2,296.5,571.5000000000013
1632.0,27,7,1,0,0.7724867724867726,9,3,2,295.5,568.0000000000013
1633.0,27,7,1,0,0.7724867724867726,9,3,2,294.5,564.5000000000013
1634.0,27,7,1,0,0.7724867724867726,9,3,2,293.5,561.0000000000013
1635.0,27,7,1,0,0.7724867724867726,9,3,2,292.5,557.5000000000013
1636.0,27,7,1,0,0.7724867724867726,9,3,2,291.5,554.0000000000013
1637.0,27,7,1,0,0.7407407407407407,10,3,2,290.5,550.5000000000013
1638.0,27,7,1,0,0.7407407407407407,10,3,2,289.5,547.0000000000013
1639.0,27,7,1,0,0.7407407407407407,10,3,2,288.5,543.5000000000013
1640.0,27,7,1,0,0.7037037037037037,11,3,2,287.5,540.0000000000013
1641.0,27,7,1,0,0.7037037037037037,11,3,2,286.5,536.5000000000013
1642.0,27,7,1,0,0.7037037037037037,11,3,2,285.5,533.0000000000013
1643.0,27,7,1,0,0.7037037037037037,11,3,2,284.5,529.5000000000013
1644.0,27,7,1,0,0.7037037037037037,11,3,2,283.5,526.0000000000013
1645.0,27,7,1,0,0.7037037037037037,11,3,2,282.5,522.5000000000013
1646.0,27,7,1,0,0.7037037037037037,11,3,2,281.5,519.0000000000013
1647.0,27,7,1,0,0.7037037037037037,11,2,2,280.5,515.5000000000013
1648.0,27,7,1,0,0.7037037037037037,11,2,2,279.5,512.0000000000013
1649.0,27,7,1,0,0.7037037037037037,11,2,2,278.5,508.50000000000125
1650.0,27,7,1,0,0.7354497354497355,10,2,2,277.5,505.00000000000125
1651.0,27,7,1,0,0.7354497354497355,10,2,2,276.5,501.50000000000125
1652.0,27,7,1,0,0.7354497354497355,10,2,2,275.5,498.00000000000125
1653.0,27,7,1,0,0.6984126984126984,11,2,2,274.5,494.50000000000125
1654.0,27,7,1,0,0.6984126984126984,11,2,2,273.5,491.00000000000125
1655.0,27,7,1,0,0.6984126984126984,11,2,2,272.5,487.50000000000125
1656.0,27,7,1,0,0.7354497354497355,10,2,2,271.5,484.00000000000125
1657.0,27,7,1,0,0.7354497354497355,10,2,2,270.5,480.50000000000125
1658.0,27,7,1,0,0.7354497354497355,10,2,2,269.5,477.00000000000125
1659.0,27,7,1,0,0.7724867724867726,9,2,2,268.5,473.50000000000125
1660.0,27,7,1,0,0.7407407407407407,10,2,2,267.5,470.00000000000125
1661.0,27,7,1,0,0.7777777777777778,9,2,2,266.5,466.50000000000125
1662.0,27,7,1,0,0.7407407407407407,10,2,2,265.5,463.00000000000125
1663.0,27,7,1,0,0.7407407407407407,10,2,2,264.5,459.50000000000125
1664.0,27,7,1,0,0.7407407407407407,10,2,2,263.5,456.00000000000125
1665.0,27,7,1,0,0.7407407407407407,10,2,2,262.5,452.50000000000125
1666.0,27,7,1,0,0.7407407407407407,10,2,2,261.5,449.00000000000125
1667.0,27,7,1,0,0.7724867724867726,9,2,2,260.5,445.50000000000125
1668.0,27,7,1,0,0.7724867724867726,9,2,2,259.5,442.00000000000125
1669.0,27,7,1,0,0.7354497354497355,10,1,2,258.5,438.50000000000125
1670.0,27,7,1,0,0.7354497354497355,10,1,2,257.5,435.00000000000125
1671.0,27,7,1,0,0.7354497354497355,10,1,2,256.5,431.50000000000125
1672.0,27,7,1,0,0.7354497354497355,10,1,2,255.5,428.00000000000125
1673.0,27,7,1,0,0.7354497354497355,10,1,2,254.5,424.50000000000125
1674.0,27,7,1,0,0.7354497354497355,10,1,2,253.5,421.00000000000125
1675.0,27,7,1,0,0.7354497354497355,10,1,2,252.5,417.50000000000125
1676.0,27,7,1,0,0.7354497354497355,10,1,2,251.5,414.00000000000125
1677.0,27,7,1,0,0.7354497354497355,10,1,2,250.5,410.50000000000125
1678.0,27,7,1,0,0.7354497354497355,10,1,2,249.5,407.00000000000125
1679.0,27,7,1,0,0.7354497354497355,10,1,2,248.5,403.50000000000125
1680.0,27,7,1,0,0.7354497354497355,10,1,2,247.5,400.00000000000125
1681.0,27,7,1,0,0.7354497354497355,10,1,2,246.5,396.50000000000125
1682.0,27,7,1,0,0.7354497354497355,10,1,2,245.5,393.00000000000125
1683.0,27,7,1,0,0.7354497354497355,10,1,3,244.5,389.50000000000125
1684.0,28,7,1,0,0.7448979591836735,10,1,2,243.5,386.00000000000125
1685.0,28,7,1,0,0.7448979591836735,10,1,2,242.5,382.50000000000125
1686.0,28,7,1,0,0.7448979591836735,10,1,2,241.5,379.00000000000125
1687.0,28,7,1,0,0.7448979591836735,10,1,2,240.5,375.50000000000125
1688.0,28,7,1,0,0.7448979591836735,10,1,2,239.5,372.00000000000125
1689.0,28,7,1,0,0.7448979591836735,10,1,2,238.5,368.50000000000125
1690.0,28,7,1,0,0.7448979591836735,10,1,2,237.5,365.00000000000125
1691.0,28,7,1,0,0.7448979591836735,10,0,2,236.5,361.50000000000125
1692.0,28,7,1,0,0.7806122448979591,9,0,2,235.5,358.00000000000125
1693.0,29,7,1,0,0.7881773399014778,9,0,2,234.5,354.50000000000125
1694.0,29,7,1,0,0.7881773399014778,9,0,2,233.5,351.00000000000125
1695.0,29,7,1,0,0.7881773399014778,9,0,2,232.5,347.50000000000125
1696.0,29,7,1,0,0.7881773399014778,9,0,2,231.5,344.00000000000125
1697.0,29,7,1,0,0.7881773399014778,9,0,2,230.5,340.50000000000125
1698.0,29,7,1,0,0.7881773399014778,9,0,2,229.5,337.00000000000125
1699.0,29,7,1,0,0.7881773399014778,9,0,2,228.5,333.50000000000125
1700.0,29,7,1,0,0.7881773399014778,9,0,2,227.5,330.00000000000125
1701.0,29,7,1,0,0.7881773399014778,9,0,2,226.5,326.50000000000125
1702.0,29,7,1,0,0.7881773399014778,9,0,2,225.5,323.00000000000125
1703.0,29,7,1,0,0.7881773399014778,9,0,2,224.5,319.50000000000125
1704.0,29,7,1,0,0.7881773399014778,9,0,2,223.5,316.00000000000125
1705.0,29,7,1,0,0.7881773399014778,9,0,2,222.5,312.50000000000125
1706.0,29,7,1,0,0.7881773399014778,9,0,2,221.5,309.00000000000125
1707.0,29,7,1,0,0.7881773399014778,9,0,2,220.5,305.50000000000125
1708.0,29,7,1,0,0.8226600985221675,8,0,3,219.5,302.00000000000125
1709.0,30,7,1,0,0.8285714285714285,8,0,2,218.5,298.50000000000125
1710.0,30,7,1,0,0.8285714285714285,8,0,2,217.5,295.00000000000125
1711.0,30,7,1,0,0.8285714285714285,8,0,2,216.5,291.50000000000136
1712.0,30,7,1,0,0.8285714285714285,8,0,2,215.5,288.00000000000136
1713.0,30,7,1,0,0.8285714285714285,8,0,2,214.5,284.50000000000136
1714.0,30,7,1,0,0.8285714285714285,8,0,2,213.5,281.00000000000136
1715.0,30,7,1,0,0.8285714285714285,8,0,2,212.5,277.50000000000136
1716.0,30,7,1,0,0.8285714285714285,8,0,2,211.5,274.00000000000136
1717.0,30,7,1,0,0.8285714285714285,8,0,2,210.5,270.50000000000136
1718.0,28,7,1,0,0.8163265306122449,8,0,2,503.0,267.00000000000136
1719.0,28,7,1,0,0.8163265306122449,8,0,2,502.0,263.50000000000136
1720.0,29,7,1,0,0.8226600985221675,8,0,2,501.0,260.00000000000136
1721.0,29,7,1,0,0.8226600985221675,8,0,2,500.0,256.50000000000136
1722.0,29,7,1,0,0.8226600985221675,8,0,2,499.0,253.00000000000136
1723.0,29,7,1,0,0.8226600985221675,8,0,2,498.0,249.50000000000136
1724.0,29,7,1,0,0.8571428571428572,7,0,2,497.0,246.00000000000136
1725.0,29,7,1,0,0.8571428571428572,7,0,2,496.0,242.50000000000136
1726.0,29,7,1,0,0.8571428571428572,7,0,3,495.0,239.00000000000136
1727.0,29,7,1,0,0.8916256157635468,6,0,3,494.0,235.50000000000136
1728.0,29,7,1,0,0.8571428571428572,7,0,3,493.0,232.00000000000136
1729.0,29,7,1,0,0.8571428571428572,7,0,3,492.0,228.50000000000136
1730.0,29,7,1,0,0.8571428571428572,7,0,3,491.0,225.00000000000136
1731.0,29,7,1,0,0.8571428571428572,7,0,3,490.0,221.50000000000136
1732.0,29,7,1,0,0.8571428571428572,7,0,3,489.0,218.00000000000136
1733.0,30,7,1,0,0.8952380952380953,6,0,3,488.0,214.50000000000136
1734.0,30,7,1,0,0.9285714285714286,5,0,3,487.0,211.00000000000136
1735.0,30,7,1,0,0.9,6,0,3,486.0,207.50000000000136
1736.0,30,7,1,0,0.9,6,0,3,485.0,204.00000000000136
1737.0,30,7,1,0,0.9,6,0,3,484.0,200.50000000000136
1738.0,30,7,1,0,0.9,6,0,3,483.0,197.00000000000136
1739.0,30,7,1,0,0.8666666666666667,7,0,3,482.0,193.50000000000136
1740.0,30,7,1,0,0.9,6,0,3,481.0,190.00000000000136
1741.0,30,7,1,0,0.9,6,0,3,480.0,186.50000000000136
1742.0,31,7,1,0,0.9032258064516129,6,0,3,479.0,183.00000000000136
1743.0,31,7,1,0,0.9032258064516129,6,0,3,478.0,179.50000000000136
1744.0,31,7,1,0,0.9032258064516129,6,0,3,477.0,176.00000000000136
1745.0,31,7,1,0,0.9032258064516129,6,0,3,476.0,172.50000000000136
1746.0,31,7,1,0,0.9032258064516129,6,0,3,475.0,169.00000000000136
1747.0,31,7,1,0,0.9032258064516129,6,0,3,474.0,165.50000000000136
1748.0,31,7,1,0,0.9032258064516129,6,0,4,473.0,162.00000000000136
1749.0,31,7,1,0,0.9032258064516129,6,0,4,472.0,158.50000000000136
1750.0,31,7,1,0,0.9032258064516129,6,0,4,471.0,155.00000000000136
1751.0,31,7,1,0,0.9032258064516129,6,0,5,470.0,151.50000000000136
1752.0,32,7,1,0,0.90625,6,0,4,469.0,148.00000000000136
1753.0,32,7,1,0,0.90625,6,0,4,468.0,144.50000000000136
1754.0,32,7,1,0,0.90625,6,0,4,467.0,141.00000000000136
1755.0,32,7,1,0,0.90625,6,0,4,466.0,137.50000000000136
1756.0,32,7,1,0,0.90625,6,0,4,465.0,134.00000000000136
1757.0,32,7,1,0,0.90625,6,0,4,464.0,130.50000000000136
1758.0,32,7,1,0,0.90625,6,0,4,463.0,127.00000000000136
1759.0,32,7,1,0,0.90625,6,0,4,462.0,123.50000000000136
1760.0,32,7,1,0,0.90625,6,0,4,461.0,120.00000000000136
1761.0,32,7,1,0,0.90625,6,0,4,460.0,116.50000000000136
1762.0,32,7,1,0,0.90625,6,0,4,459.0,113.00000000000136
1763.0,32,7,1,0,0.90625,6,0,4,458.0,109.50000000000136
1764.0,32,7,1,0,0.90625,6,0,4,457.0,106.00000000000136
1765.0,32,7,1,0,0.90625,6,0,4,456.0,102.50000000000136
1766.0,32,7,1,0,0.9553571428571429,4,0,4,455.0,99.00000000000136
1767.0,32,7,1,0,0.9553571428571429,4,0,4,454.0,95.50000000000136
1768.0,32,7,1,0,0.9553571428571429,4,0,4,453.0,92.00000000000136
1769.0,32,7,1,0,0.9553571428571429,4,0,4,452.0,88.50000000000136
1770.0,32,7,1,0,0.9553571428571429,4,0,4,451.0,85.00000000000136
1771.0,32,7,1,0,0.9553571428571429,4,0,4,450.0,81.50000000000136
1772.0,32,7,1,0,0.9732142857142857,3,0,4,449.0,78.00000000000136
1773.0,32,7,1,0,0.9732142857142857,3,0,4,448.0,74.50000000000136
1774.0,32,7,1,0,0.9732142857142857,3,0,4,447.0,71.00000000000136
1775.0,32,7,1,0,0.9732142857142857,3,0,4,446.0,67.50000000000136
1776.0,32,7,1,0,0.9732142857142857,3,0,4,445.0,64.00000000000136
1777.0,32,7,1,0,0.9508928571428571,4,0,4,444.0,60.500000000001364
1778.0,32,7,1,0,0.9508928571428571,4,0,4,443.0,57.000000000001364
1779.0,32,7,1,0,0.9508928571428571,4,0,4,442.0,53.500000000001364
1780.0,32,7,1,0,0.9508928571428571,4,0,4,441.0,50.000000000001364
1781.0,32,7,1,0,0.9642857142857143,3,0,4,440.0,46.500000000001364
1782.0,32,7,1,0,0.9642857142857143,3,0,4,439.0,43.000000000001364
1783.0,32,7,1,0,0.9642857142857143,3,0,4,438.0,39.500000000001364
1784.0,32,7,1,0,0.9642857142857143,3,0,4,437.0,36.000000000001364
1785.0,32,7,1,0,0.9464285714285714,4,0,4,436.0,35.0
1786.0,32,7,1,0,0.9464285714285714,4,0,4,435.0,35.0
1787.0,32,7,1,0,0.96875,3,0,4,434.0,35.0
1788.0,32,7,1,0,0.96875,3,0,4,433.0,35.0
1789.0,32,7,1,0,0.96875,3,0,4,432.0,35.0
1790.0,32,7,1,0,0.96875,3,0,4,431.0,35.0
1791.0,32,7,1,0,0.9776785714285714,2,0,4,430.0,35.0
1792.0,32,7,1,0,0.9776785714285714,2,0,4,429.0,35.0
1793.0,32,7,1,0,0.9642857142857143,3,0,4,428.0,35.0
1794.0,32,7,1,0,0.9642857142857143,3,0,4,427.0,35.0
1795.0,32,7,1,0,0.9642857142857143,3,0,4,426.0,35.0
1796.0,32,7,1,0,0.9821428571428571,2,0,4,425.0,35.0
1797.0,32,7,1,0,0.9821428571428571,2,0,4,424.0,35.0
1798.0,32,7,1,0,0.9821428571428571,2,0,4,423.0,35.0
1799.0,32,7,1,0,0.9866071428571429,1,0,4,422.0,35.0
1800.0,32,7,1,0,0.9866071428571429,1,0,4,421.0,35.0
1801.0,32,7,1,0,0.9866071428571429,1,0,4,420.0,35.0
1802.0,32,7,1,0,0.9776785714285714,2,0,4,419.0,35.0
1803.0,32,7,1,0,0.9776785714285714,2,0,4,418.0,35.0
1804.0,32,7,1,0,0.9910714285714286,1,0,4,417.0,35.0
1805.0,31,7,1,0,0.9910714285714286,1,0,4,416.0,35.0
1806.0,31,7,1,0,0.9907834101382489,1,0,4,415.0,35.0
1807.0,31,7,1,0,0.9723502304147466,2,0,4,414.0,35.0
1808.0,31,7,1,0,0.9907834101382489,1,0,4,413.0,35.0
1809.0,31,7,1,0,0.9907834101382489,1,0,4,412.0,35.0
1810.0,31,7,1,1,1.0,0,0,4,411.0,35.0
1811.0,31,7,1,1,1.0,0,0,4,410.0,35.0
1812.0,31,7,1,1,1.0,0,0,4,409.0,35.0
1813.0,31,7,1,1,1.0,0,0,4,408.0,35.0
1814.0,31,7,1,1,1.0,0,0,4,407.0,35.0
1815.0,31,7,1,1,1.0,0,0,4,406.0,35.0
1816.0,31,7,1,1,1.0,0,0,4,405.0,35.0
1817.0,31,7,1,1,1.0,0,0,4,404.0,35.0
1818.0,31,7,1,1,1.0,0,0,4,403.0,35.0
1819.0,31,7,1,1,1.0,0,0,4,402.0,35.0
1820.0,31,7,1,1,1.0,0,0,4,401.0,35.0
1821.0,31,7,1,1,1.0,0,0,4,400.0,35.0
1822.0,31,7,1,0,0.9953917050691244,1,0,4,399.0,35.0
1823.0,31,7,1,0,0.9953917050691244,1,0,4,398.0,35.0
1824.0,31,7,1,0,0.9953917050691244,1,0,4,397.0,35.0
1825.0,31,7,1,0,0.9953917050691244,1,0,4,396.0,35.0
1826.0,30,7,1,0,0.9953917050691244,1,0,4,395.0,35.0
1827.0,30,7,1,0,0.9952380952380953,1,0,4,394.0,35.0
1828.0,30,7,1,0,0.9952380952380953,1,0,4,393.0,35.0
1829.0,30,7,1,0,0.9952380952380953,1,0,4,392.0,35.0
1830.0,30,7,1,0,0.9857142857142858,2,0,4,391.0,35.0
1831.0,30,7,1,0,0.9857142857142858,2,0,4,390.0,35.0
1832.0,30,7,1,0,0.9952380952380953,1,0,4,389.0,35.0
1833.0,30,7,1,0,0.9952380952380953,1,0,4,388.0,35.0
1834.0,30,7,1,0,0.9952380952380953,1,0,4,387.0,35.0
1835.0,30,7,1,0,0.9952380952380953,1,0,4,386.0,35.0
1836.0,30,7,1,0,0.9952380952380953,1,0,4,385.0,35.0
1837.0,30,7,1,0,0.9952380952380953,1,0,4,384.0,35.0
1838.0,30,7,1,0,0.9904761904761905,2,0,6,383.0,35.0
1839.0,30,7,1,0,0.9904761904761905,2,0,6,382.0,35.0
1840.0,30,7,1,0,0.9904761904761905,2,0,6,381.0,35.0
1841.0,30,7,1,0,0.9809523809523809,3,0,6,380.0,35.0
1842.0,29,7,1,0,0.9802955665024631,3,0,6,379.0,35.0
1843.0,29,7,1,0,0.9901477832512315,2,0,6,378.0,35.0
1844.0,29,7,1,0,0.9901477832512315,2,0,6,377.0,35.0
1845.0,29,7,1,0,0.9901477832512315,2,0,6,376.0,35.0
1846.0,29,7,1,0,0.9901477832512315,2,0,6,375.0,35.0
1847.0,29,7,1,0,0.9901477832512315,2,0,6,374.0,35.0
1848.0,29,7,1,0,0.9901477832512315,2,0,6,373.0,35.0
1849.0,29,7,1,0,0.9901477832512315,2,0,6,372.0,35.0
1850.0,29,7,1,0,0.9901477832512315,2,0,6,371.0,35.0
1851.0,29,7,1,0,0.9802955665024631,3,0,6,370.0,35.0
1852.0,28,7,1,0,0.9795918367346939,3,0,6,369.0,35.0
1853.0,28,7,1,0,0.9795918367346939,3,0,6,368.0,35.0
1854.0,28,7,1,0,0.9795918367346939,3,0,6,367.0,35.0
1855.0,28,7,1,0,0.9795918367346939,3,0,6,366.0,35.0
1856.0,28,7,1,0,0.9795918367346939,3,0,6,365.0,35.0
1857.0,28,7,1,0,0.9846938775510204,2,0,6,364.0,35.0
1858.0,27,7,1,0,0.9846938775510204,2,0,6,363.0,35.0
1859.0,27,7,1,0,0.9841269841269842,2,0,6,362.0,35.0
1860.0,27,7,1,0,0.9841269841269842,2,0,6,361.0,35.0
1861.0,27,7,1,0,0.9841269841269842,2,0,6,360.0,35.0
1862.0,27,7,1,0,0.9682539682539683,3,0,6,359.0,35.0
1863.0,28,7,1,0,0.9693877551020408,3,0,0,358.0,35.0
1864.0,28,7,1,0,0.9693877551020408,3,0,0,357.0,35.0
1865.0,28,7,1,0,0.9693877551020408,3,0,0,356.0,35.0
1866.0,28,7,1,0,0.9693877551020408,3,0,0,355.0,35.0
1867.0,28,7,1,0,0.9693877551020408,3,0,0,354.0,35.0
1868.0,27,7,1,0,0.9693877551020408,3,0,0,353.0,35.0
1869.0,27,7,1,0,0.9682539682539683,3,0,0,352.0,35.0
1870.0,27,7,1,0,0.9682539682539683,3,0,0,351.0,35.0
1871.0,27,7,1,0,0.9693877551020408,3,0,0,350.0,35.0
1872.0,27,7,1,0,0.9682539682539683,3,0,0,349.0,35.0
1873.0,27,7,1,0,0.9682539682539683,3,0,0,348.0,35.0
1874.0,27,7,1,0,0.9682539682539683,3,0,0,347.0,35.0
1875.0,27,7,1,0,0.9682539682539683,3,0,0,346.0,35.0
1876.0,27,7,1,0,0.9682539682539683,3,0,0,345.0,35.0
1877.0,27,7,1,0,0.9682539682539683,3,0,0,344.0,35.0
1878.0,27,7,1,0,0.9682539682539683,3,0,0,343.0,35.0
1879.0,28,7,1,0,0.9693877551020408,3,0,0,342.0,35.0
1880.0,27,7,1,0,0.9693877551020408,3,0,0,341.0,35.0
1881.0,27,7,1,0,0.9682539682539683,3,0,0,340.0,35.0
1882.0,27,7,1,0,0.9682539682539683,3,0,0,339.0,35.0
1883.0,26,7,1,0,0.9682539682539683,3,0,0,338.0,35.0
1884.0,26,7,1,0,0.967032967032967,3,0,0,367.5,35.0
1885.0,26,7,1,0,0.945054945054945,4,0,0,366.5,35.0
1886.0,26,7,1,0,0.945054945054945,4,0,0,365.5,35.0
1887.0,27,7,1,0,0.9470899470899471,4,0,0,364.5,35.0
1888.0,26,7,1,0,0.9470899470899471,4,0,0,363.5,35.0
1889.0,26,7,1,0,0.945054945054945,4,0,0,362.5,35.0
1890.0,26,7,1,0,0.945054945054945,4,0,0,361.5,35.0
1891.0,25,7,1,0,0.945054945054945,4,0,0,360.5,35.0
1892.0,25,7,1,0,0.9428571428571428,4,0,0,359.5,35.0
1893.0,25,7,1,0,0.9428571428571428,4,0,0,358.5,35.0
1894.0,25,7,1,0,0.9428571428571428,4,0,0,357.5,35.0
1895.0,26,7,1,0,0.945054945054945,4,0,0,356.5,35.0
1896.0,25,7,1,0,0.945054945054945,4,0,0,355.5,35.0
1897.0,25,7,1,0,0.9428571428571428,4,0,0,354.5,35.0
1898.0,25,7,1,0,0.9428571428571428,4,0,0,353.5,35.0
1899.0,25,7,1,0,0.9428571428571428,4,0,0,352.5,35.0
1900.0,25,7,1,0,0.9428571428571428,4,0,0,351.5,35.0
1901.0,25,7,1,0,0.9428571428571428,4,0,0,350.5,35.0
1902.0,25,7,1,0,0.9428571428571428,4,0,0,349.5,35.0
1903.0,26,7,1,0,0.9175824175824175,5,0,0,348.5,35.0
1904.0,26,7,1,0,0.9175824175824175,5,0,0,347.5,35.0
1905.0,26,7,1,0,0.9175824175824175,5,0,0,346.5,35.0
1906.0,26,7,1,0,0.9175824175824175,5,0,0,345.5,35.0
1907.0,26,7,1,0,0.9175824175824175,5,0,0,344.5,35.0
1908.0,26,7,1,0,0.9175824175824175,5,0,0,343.5,35.0
1909.0,26,7,1,0,0.9175824175824175,5,0,0,342.5,35.0
1910.0,26,7,1,0,0.9175824175824175,5,0,0,341.5,35.0
1911.0,26,7,1,0,0.9175824175824175,5,0,0,340.5,35.0
1912.0,26,7,1,0,0.9175824175824175,5,0,0,339.5,35.0
1913.0,26,7,1,0,0.9175824175824175,5,0,0,338.5,35.0
1914.0,26,7,1,0,0.9175824175824175,5,0,0,337.5,35.0
1915.0,26,7,1,0,0.9175824175824175,5,0,0,336.5,35.0
1916.0,26,7,1,0,0.9175824175824175,5,0,0,335.5,35.0
1917.0,26,7,1,0,0.9175824175824175,5,0,0,334.5,35.0
1918.0,26,7,1,0,0.9175824175824175,5,0,0,333.5,35.0
1919.0,26,7,1,0,0.9175824175824175,5,0,0,332.5,35.0
1920.0,26,7,1,0,0.9175824175824175,5,0,0,331.5,35.0
1921.0,26,7,1,0,0.9175824175824175,5,0,0,330.5,35.0
1922.0,26,7,1,0,0.9175824175824175,5,0,0,329.5,35.0
1923.0,26,7,1,0,0.9175824175824175,5,0,0,328.5,35.0
1924.0,26,7,1,0,0.9175824175824175,5,0,0,327.5,35.0
1925.0,26,7,1,0,0.9175824175824175,5,0,0,326.5,35.0
1926.0,26,7,1,0,0.9175824175824175,5,0,1,325.5,35.0
1927.0,26,7,1,0,0.9175824175824175,5,0,1,324.5,35.0
1928.0,26,7,1,0,0.9175824175824175,5,0,1,323.5,37.99999999999852
1929.0,26,7,1,0,0.9175824175824175,5,0,1,322.5,41.49999999999852
1930.0,26,7,1,0,0.9175824175824175,5,0,1,321.5,44.99999999999853
1931.0,26,7,1,0,0.9175824175824175,5,0,1,320.5,48.49999999999853
1932.0,26,7,1,0,0.9175824175824175,5,0,1,319.5,51.99999999999853
1933.0,26,7,1,0,0.9175824175824175,5,0,1,318.5,55.499999999998536
1934.0,26,7,1,0,0.9175824175824175,5,0,1,317.5,58.999999999998536
1935.0,25,7,1,0,0.9175824175824175,5,0,1,316.5,62.499999999998536
1936.0,25,7,1,0,0.9142857142857143,5,0,1,315.5,65.99999999999854
1937.0,25,7,1,0,0.9142857142857143,5,0,1,314.5,69.49999999999854
1938.0,25,7,1,0,0.9142857142857143,5,0,1,313.5,72.99999999999855
1939.0,25,7,1,0,0.9142857142857143,5,0,1,312.5,76.49999999999855
1940.0,25,7,1,0,0.9142857142857143,5,0,1,311.5,79.99999999999855
1941.0,25,7,1,0,0.9142857142857143,5,0,1,310.5,83.49999999999855
1942.0,25,7,1,0,0.9142857142857143,5,0,1,309.5,86.99999999999855
1943.0,25,7,1,0,0.9142857142857143,5,0,1,308.5,90.49999999999855
1944.0,25,7,1,0,0.9142857142857143,5,0,1,307.5,93.99999999999855
1945.0,25,7,1,0,0.9142857142857143,5,0,1,306.5,97.49999999999855
1946.0,25,7,1,0,0.9142857142857143,5,0,2,305.5,100.99999999999855
1947.0,25,7,1,0,0.9142857142857143,5,0,2,304.5,104.49999999999855
1948.0,25,7,1,0,0.9142857142857143,5,0,2,303.5,107.99999999999856
1949.0,25,7,1,0,0.9142857142857143,5,0,2,302.5,111.49999999999856
1950.0,25,7,1,0,0.9142857142857143,5,0,2,301.5,114.99999999999856
1951.0,25,7,1,0,0.9142857142857143,5,0,2,300.5,118.49999999999856
1952.0,25,7,1,0,0.9142857142857143,5,0,2,299.5,121.99999999999856
1953.0,25,7,1,0,0.9142857142857143,5,0,2,298.5,125.49999999999856
1954.0,25,7,1,0,0.9142857142857143,5,0,2,297.5,128.99999999999858
1955.0,25,7,1,0,0.9142857142857143,5,0,2,296.5,132.49999999999858
1956.0,25,7,1,0,0.9142857142857143,5,0,2,295.5,135.99999999999858
1957.0,25,7,1,0,0.9142857142857143,5,0,2,294.5,139.49999999999858
1958.0,25,7,1,0,0.9142857142857143,5,0,2,293.5,142.99999999999858
1959.0,25,7,1,0,0.9142857142857143,5,0,2,292.5,146.49999999999858
1960.0,25,7,1,0,0.9142857142857143,5,0,2,291.5,149.99999999999858
1961.0,25,7,1,0,0.9142857142857143,5,0,2,290.5,153.49999999999858
1962.0,25,7,1,0,0.9142857142857143,5,0,2,289.5,156.99999999999858
1963.0,26,7,1,0,0.9175824175824175,5,0,2,288.5,160.49999999999858
1964.0,26,7,1,0,0.9175824175824175,5,0,2,287.5,163.99999999999858
1965.0,26,7,1,0,0.9175824175824175,5,0,2,286.5,167.49999999999858
1966.0,26,7,1,0,0.9175824175824175,5,0,2,285.5,170.99999999999858
1967.0,26,7,1,0,0.9175824175824175,5,0,2,284.5,174.49999999999858
1968.0,26,7,1,0,0.9175824175824175,5,0,2,283.5,177.9999999999986
1969.0,26,7,1,0,0.9175824175824175,5,0,2,282.5,181.4999999999986
1970.0,25,7,1,0,0.8791208791208791,6,0,2,281.5,184.9999999999986
1971.0,25,7,1,0,0.8742857142857143,6,0,2,280.5,188.4999999999986
1972.0,25,7,1,0,0.8742857142857143,6,1,2,279.5,191.9999999999986
1973.0,25,7,1,0,0.8791208791208791,6,1,2,278.5,195.4999999999986
1974.0,25,7,1,0,0.8742857142857143,6,1,2,277.5,198.9999999999986
1975.0,25,7,1,0,0.8742857142857143,6,1,2,276.5,202.4999999999986
1976.0,25,7,1,0,0.8742857142857143,6,1,2,275.5,205.9999999999986
1977.0,25,7,1,0,0.8742857142857143,6,1,2,274.5,209.4999999999986
1978.0,25,7,1,0,0.8742857142857143,6,1,2,273.5,212.9999999999986
1979.0,25,7,1,0,0.8742857142857143,6,1,3,272.5,216.4999999999986
1980.0,25,7,1,0,0.8742857142857143,6,2,2,271.5,219.9999999999986
1981.0,26,7,1,0,0.8791208791208791,6,2,2,270.5,223.4999999999986
1982.0,26,7,1,0,0.8791208791208791,6,2,2,269.5,226.9999999999986
1983.0,26,7,1,0,0.8791208791208791,6,2,2,268.5,230.4999999999986
1984.0,26,7,1,0,0.8791208791208791,6,2,2,267.5,233.99999999999864
1985.0,26,7,1,0,0.8791208791208791,6,2,2,266.5,237.49999999999864
1986.0,26,7,1,0,0.8406593406593407,7,2,2,265.5,240.99999999999864
1987.0,26,7,1,0,0.8406593406593407,7,2,2,264.5,244.49999999999864
1988.0,26,7,1,0,0.8406593406593407,7,2,2,263.5,247.99999999999864
1989.0,26,7,1,0,0.8406593406593407,7,2,3,262.5,251.49999999999864
1990.0,26,7,1,0,0.8406593406593407,7,3,2,261.5,254.99999999999864
1991.0,27,7,1,0,0.8465608465608465,7,3,3,260.5,258.49999999999864
1992.0,26,7,1,0,0.8465608465608465,7,3,3,259.5,261.99999999999864
1993.0,26,7,1,0,0.8406593406593407,7,3,3,258.5,265.49999999999864
1994.0,26,7,1,0,0.8406593406593407,7,3,3,257.5,268.99999999999864
1995.0,25,7,1,0,0.8406593406593407,7,3,3,256.5,272.49999999999864
1996.0,25,7,1,0,0.8342857142857143,7,3,3,255.5,275.99999999999864
1997.0,25,7,1,0,0.8342857142857143,7,3,3,254.5,279.49999999999864
1998.0,25,7,1,0,0.8342857142857143,7,3,3,253.5,282.99999999999864
1999.0,25,7,1,0,0.8342857142857143,7,3,3,252.5,286.49999999999864
2000.0,25,7,1,0,0.8342857142857143,7,3,3,251.5,289.99999999999864
2001.0,25,7,1,0,0.7942857142857143,8,3,4,250.5,293.49999999999864
2002.0,25,7,1,0,0.7942857142857143,8,3,4,249.5,296.99999999999864
2003.0,25,7,1,0,0.8342857142857143,7,3,4,248.5,300.49999999999864
2004.0,25,7,1,0,0.8342857142857143,7,3,5,247.5,303.99999999999864
2005.0,25,7,1,0,0.8342857142857143,7,3,5,246.5,307.49999999999864
2006.0,25,7,1,0,0.8342857142857143,7,3,5,245.5,310.99999999999864
2007.0,25,7,1,0,0.8342857142857143,7,3,5,244.5,314.49999999999864
2008.0,25,7,1,0,0.7942857142857143,8,3,6,243.5,317.9999999999987
2009.0,25,7,1,0,0.7942857142857143,8,3,6,242.5,321.4999999999987
2010.0,25,7,1,0,0.7942857142857143,8,3,6,241.5,324.9999999999987
2011.0,25,7,1,0,0.7942857142857143,8,3,7,240.5,328.4999999999987
2012.0,25,7,1,0,0.7942857142857143,8,3,7,239.5,331.9999999999987
2013.0,25,7,1,0,0.7942857142857143,8,3,7,238.5,335.4999999999987
2014.0,25,7,1,0,0.7942857142857143,8,3,7,237.5,338.9999999999987
2015.0,25,7,1,0,0.7942857142857143,8,3,7,236.5,342.4999999999987
2016.0,25,7,1,0,0.7942857142857143,8,3,7,235.5,345.9999999999987
2017.0,25,7,1,0,0.7542857142857142,9,3,8,234.5,349.4999999999987
2018.0,25,7,1,0,0.7542857142857142,9,3,8,233.5,352.9999999999987
2019.0,25,7,1,0,0.7542857142857142,9,3,8,232.5,356.4999999999987
2020.0,25,7,1,0,0.7942857142857143,8,3,8,231.5,359.9999999999987
2021.0,25,7,1,0,0.7942857142857143,8,3,8,230.5,363.4999999999987
2022.0,25,7,1,0,0.7942857142857143,8,3,8,229.5,366.9999999999987
2023.0,25,7,1,0,0.7942857142857143,8,3,8,228.5,370.4999999999987
2024.0,25,7,1,0,0.7942857142857143,8,3,8,227.5,373.9999999999987
2025.0,25,7,1,0,0.7942857142857143,8,3,8,226.5,377.4999999999987
2026.0,25,7,1,0,0.7942857142857143,8,3,8,225.5,380.9999999999987
2027.0,25,7,1,0,0.7942857142857143,8,3,8,224.5,384.4999999999987
2028.0,25,7,1,0,0.7942857142857143,8,3,8,223.5,387.9999999999987
2029.0,25,7,1,0,0.7942857142857143,8,3,8,222.5,391.4999999999987
2030.0,25,7,1,0,0.7942857142857143,8,3,8,221.5,394.9999999999987
2031.0,25,7,1,0,0.7942857142857143,8,3,8,220.5,398.4999999999987
2032.0,25,7,1,0,0.7542857142857142,9,3,8,219.5,401.9999999999987
2033.0,25,7,1,0,0.7142857142857143,10,3,8,218.5,405.4999999999987
2034.0,25,7,1,0,0.7142857142857143,10,3,8,217.5,408.9999999999987
2035.0,25,7,1,0,0.7542857142857142,9,3,8,216.5,412.4999999999987
2036.0,25,7,1,0,0.7542857142857142,9,3,8,215.5,415.9999999999987
2037.0,25,7,1,0,0.7142857142857143,10,3,8,214.5,419.4999999999987
2038.0,25,7,1,0,0.7542857142857142,9,3,8,213.5,422.9999999999987
2039.0,25,7,1,0,0.7542857142857142,9,3,8,212.5,426.4999999999987
2040.0,25,7,1,0,0.7542857142857142,9,3,8,211.5,429.99999999999875
2041.0,25,7,1,0,0.7542857142857142,9,3,8,210.5,433.49999999999875
2042.0,25,7,1,0,0.7542857142857142,9,3,8,209.5,436.99999999999875
2043.0,25,7,1,0,0.7542857142857142,9,3,8,208.5,440.49999999999875
2044.0,25,7,1,0,0.7542857142857142,9,3,8,207.5,443.99999999999875
2045.0,25,7,1,0,0.7542857142857142,9,3,8,206.5,447.49999999999875
2046.0,25,7,1,0,0.7542857142857142,9,3,8,205.5,450.99999999999875
2047.0,25,7,1,0,0.7542857142857142,9,3,8,204.5,454.49999999999875
2048.0,25,7,1,0,0.7542857142857142,9,3,8,203.5,457.99999999999875
2049.0,25,7,1,0,0.7542857142857142,9,3,8,202.5,461.49999999999875
2050.0,25,7,1,0,0.7942857142857143,8,3,8,201.5,464.99999999999875
2051.0,25,7,1,0,0.7942857142857143,8,3,8,200.5,468.49999999999875
2052.0,25,7,1,0,0.7942857142857143,8,3,8,199.5,471.99999999999875
2053.0,25,7,1,0,0.7142857142857143,10,3,8,198.5,475.49999999999875
2054.0,25,7,1,0,0.6742857142857144,11,3,8,197.5,478.99999999999875
2055.0,25,7,1,0,0.7142857142857143,10,3,9,196.5,482.49999999999875
2056.0,25,7,1,0,0.7142857142857143,10,3,9,195.5,485.99999999999875
2057.0,25,7,1,0,0.7142857142857143,10,3,9,194.5,489.49999999999875
2058.0,25,7,1,0,0.7542857142857142,9,3,9,193.5,492.99999999999875
2059.0,25,7,1,0,0.7666666666666667,9,3,9,192.5,496.49999999999875
2060.0,25,7,1,0,0.7542857142857142,9,3,9,191.5,499.99999999999875
2061.0,25,7,1,0,0.8,7,3,9,190.5,503.49999999999875
2062.0,25,7,1,0,0.8,7,3,9,189.5,506.99999999999875
2063.0,25,7,1,0,0.8,7,3,9,188.5,510.49999999999875
2064.0,25,7,1,0,0.8,7,3,9,187.5,513.9999999999987
2065.0,25,7,1,0,0.76,8,3,9,186.5,517.4999999999987
2066.0,25,7,1,0,0.76,8,3,9,185.5,520.9999999999987
2067.0,25,7,1,0,0.76,8,3,9,184.5,524.4999999999987
2068.0,25,7,1,0,0.72,9,3,9,183.5,527.9999999999987
2069.0,25,7,1,0,0.72,9,3,9,182.5,531.4999999999987
2070.0,25,7,1,0,0.7542857142857142,9,3,9,181.5,534.9999999999987
2071.0,25,7,1,0,0.7542857142857142,9,3,9,180.5,538.4999999999987
2072.0,25,7,1,0,0.7542857142857142,9,3,9,179.5,541.9999999999989
2073.0,25,7,1,0,0.7542857142857142,9,3,9,178.5,545.4999999999989
2074.0,25,7,1,0,0.7542857142857142,9,3,9,177.5,548.9999999999987
2075.0,25,7,1,0,0.7542857142857142,9,3,9,176.5,552.4999999999987
2076.0,25,7,1,0,0.7142857142857143,10,3,9,175.5,555.9999999999987
2077.0,25,7,1,0,0.7142857142857143,10,3,9,174.5,559.4999999999987
2078.0,25,7,1,0,0.7142857142857143,10,3,9,173.5,562.9999999999987
2079.0,25,7,1,0,0.6742857142857144,11,3,9,172.5,566.4999999999987
2080.0,25,7,1,0,0.64,12,3,9,171.5,569.9999999999987
2081.0,25,7,1,0,0.64,12,3,9,170.5,573.4999999999987
2082.0,25,7,1,0,0.6799999999999999,11,3,9,169.5,576.9999999999987
2083.0,25,7,1,0,0.6799999999999999,11,3,9,168.5,580.4999999999987
2084.0,25,7,1,0,0.6799999999999999,11,3,9,167.5,583.9999999999987
2085.0,25,7,1,0,0.6799999999999999,11,3,9,166.5,587.4999999999987
2086.0,25,7,1,0,0.6799999999999999,11,3,9,165.5,590.9999999999987
2087.0,25,7,1,0,0.6799999999999999,11,3,9,164.5,594.4999999999987
2088.0,25,7,1,0,0.72,10,3,9,163.5,597.9999999999989
2089.0,25,7,1,0,0.72,10,3,9,162.5,601.4999999999989
2090.0,25,7,1,0,0.72,10,3,9,161.5,604.9999999999989
2091.0,25,7,1,0,0.72,10,3,10,160.5,608.4999999999989
2092.0,25,7,1,0,0.72,10,3,10,159.5,611.9999999999989
2093.0,25,7,1,0,0.6799999999999999,11,3,10,158.5,615.4999999999989
2094.0,25,7,1,0,0.6799999999999999,11,3,11,157.5,618.9999999999989
2095.0,25,7,1,0,0.6799999999999999,11,3,11,156.5,622.4999999999989
2096.0,25,7,1,0,0.72,10,3,11,155.5,625.9999999999989
2097.0,25,7,1,0,0.6799999999999999,11,3,11,154.5,629.4999999999989
2098.0,25,0,0,0,0.0,0,3,11,153.5,632.9999999999989
2099.0,25,0,0,0,0.0,0,3,11,152.5,636.4999999999989
2100.0,25,0,0,0,0.0,0,3,11,151.5,639.9999999999989
2101.0,25,0,0,0,0.0,0,3,11,150.5,643.4999999999989
2102.0,25,7,1,0,0.6342857142857143,12,3,11,149.5,646.9999999999989
2103.0,25,7,1,0,0.6342857142857143,12,3,11,148.5,650.4999999999989
2104.0,25,7,1,0,0.6000000000000001,13,3,11,147.5,653.9999999999989
2105.0,25,7,1,0,0.6000000000000001,13,3,11,146.5,657.4999999999989
2106.0,24,7,1,0,0.64,12,3,11,228.0,660.9999999999989
2107.0,24,7,1,0,0.625,12,3,11,227.0,664.4999999999989
2108.0,24,7,1,0,0.5833333333333334,13,3,11,226.0,667.9999999999989
2109.0,24,7,1,0,0.5833333333333334,13,3,11,225.0,671.4999999999989
2110.0,24,7,1,0,0.5833333333333334,13,3,11,224.0,674.9999999999989
2111.0,24,7,1,0,0.5833333333333334,13,3,11,223.0,678.4999999999989
2112.0,24,7,1,0,0.5833333333333334,13,3,12,222.0,681.9999999999989
2113.0,24,7,1,0,0.5833333333333334,13,3,12,221.0,685.4999999999989
2114.0,24,7,1,0,0.5833333333333334,13,3,12,220.0,688.9999999999989
2115.0,24,7,1,0,0.5833333333333334,13,3,13,219.0,692.4999999999989
2116.0,24,7,1,0,0.5833333333333334,13,3,13,218.0,695.9999999999989
2117.0,24,7,1,0,0.5833333333333334,13,3,13,217.0,699.4999999999989
2118.0,24,7,1,0,0.5833333333333334,13,3,13,216.0,702.9999999999989
2119.0,24,7,1,0,0.5833333333333334,13,3,13,215.0,706.4999999999989
2120.0,24,7,1,0,0.5833333333333334,13,3,13,214.0,709.9999999999989
2121.0,24,7,1,0,0.5833333333333334,13,3,13,213.0,713.4999999999989
2122.0,24,7,1,0,0.5833333333333334,13,3,13,212.0,716.9999999999989
2123.0,24,7,1,0,0.5833333333333334,13,3,13,211.0,720.4999999999989
2124.0,24,7,1,0,0.5833333333333334,13,3,13,210.0,723.9999999999989
2125.0,24,7,1,0,0.5833333333333334,13,3,13,209.0,727.4999999999989
2126.0,24,7,1,0,0.5833333333333334,13,3,13,208.0,730.9999999999989
2127.0,24,7,1,0,0.5833333333333334,13,3,13,207.0,734.4999999999989
2128.0,24,7,1,0,0.5833333333333334,13,3,13,206.0,737.9999999999989
2129.0,24,7,1,0,0.5833333333333334,13,3,13,205.0,741.4999999999989
2130.0,24,7,1,0,0.5833333333333334,13,3,13,204.0,744.9999999999989
2131.0,24,7,1,0,0.5833333333333334,13,3,13,203.0,748.4999999999989
2132.0,24,7,1,0,0.5833333333333334,13,3,13,202.0,751.9999999999989
2133.0,24,7,1,0,0.5833333333333334,13,3,13,201.0,755.4999999999989
2134.0,24,7,1,0,0.5833333333333334,13,3,13,200.0,758.9999999999989
2135.0,24,7,1,0,0.5833333333333334,13,3,13,199.0,762.4999999999989
2136.0,24,7,1,0,0.5833333333333334,13,3,13,198.0,765.9999999999989
2137.0,24,7,1,0,0.5833333333333334,13,3,13,197.0,769.4999999999989
2138.0,24,7,1,0,0.5833333333333334,13,3,13,196.0,772.9999999999989
2139.0,24,7,1,0,0.5833333333333334,13,3,13,195.0,776.4999999999989
2140.0,24,7,1,0,0.5833333333333334,13,3,13,194.0,779.9999999999989
2141.0,24,7,1,0,0.5833333333333334,13,3,13,193.0,783.4999999999989
2142.0,24,7,1,0,0.5416666666666666,14,3,13,192.0,786.9999999999989
2143.0,24,7,1,0,0.5416666666666666,14,3,13,191.0,785.2223869797592
2144.0,24,7,1,0,0.5416666666666666,14,3,13,190.0,781.7223869797592
2145.0,24,7,1,0,0.5833333333333334,13,3,13,189.0,778.2223869797592
2146.0,24,7,1,0,0.5833333333333334,13,3,13,188.0,774.7223869797592
2147.0,24,7,1,0,0.5833333333333334,13,3,13,187.0,771.2223869797592
2148.0,24,7,1,0,0.5833333333333334,13,3,13,186.0,767.7223869797592
2149.0,24,7,1,0,0.5833333333333334,13,3,13,185.0,764.2223869797592
2150.0,24,7,1,0,0.5833333333333334,13,3,13,184.0,760.7223869797592
2151.0,24,7,1,0,0.5833333333333334,13,3,13,183.0,757.2223869797592
2152.0,24,7,1,0,0.5833333333333334,13,3,13,182.0,753.7223869797592
2153.0,24,7,1,0,0.5833333333333334,13,3,13,181.0,750.2223869797592
2154.0,24,7,1,0,0.5833333333333334,13,3,13,180.0,746.7223869797592
2155.0,24,7,1,0,0.5833333333333334,13,3,13,179.0,743.2223869797592
2156.0,24,7,1,0,0.5833333333333334,13,3,13,178.0,739.7223869797592
2157.0,24,7,1,0,0.5833333333333334,13,3,13,177.0,736.2223869797592
2158.0,24,7,1,0,0.5833333333333334,13,3,13,176.0,732.7223869797592
2159.0,24,7,1,0,0.5833333333333334,13,3,13,175.0,729.2223869797592
2160.0,24,7,1,0,0.5833333333333334,13,3,13,174.0,725.7223869797592
2161.0,24,7,1,0,0.5833333333333334,13,3,13,173.0,722.2223869797592
2162.0,24,7,1,0,0.5833333333333334,13,3,13,172.0,718.7223869797592
2163.0,24,7,1,0,0.5833333333333334,13,3,13,171.0,715.2223869797592
2164.0,24,7,1,0,0.6130952380952381,12,3,13,170.0,711.7223869797592
2165.0,24,7,1,0,0.6130952380952381,12,3,13,169.0,708.2223869797592
2166.0,24,7,1,0,0.6547619047619048,11,3,13,168.0,704.7223869797592
2167.0,24,7,1,0,0.6547619047619048,11,3,13,167.0,701.2223869797592
2168.0,24,7,1,0,0.6547619047619048,11,3,13,166.0,697.7223869797592
2169.0,24,7,1,0,0.6547619047619048,11,3,13,165.0,694.2223869797592
2170.0,24,7,1,0,0.6547619047619048,11,3,13,164.0,690.7223869797592
2171.0,24,7,1,0,0.6547619047619048,11,3,13,163.0,687.2223869797592
2172.0,24,7,1,0,0.6547619047619048,11,3,13,162.0,683.7223869797593
2173.0,24,7,1,0,0.6547619047619048,11,3,13,161.0,680.2223869797593
2174.0,24,7,1,0,0.6547619047619048,11,3,13,160.0,676.7223869797593
2175.0,24,7,1,0,0.6547619047619048,11,3,13,159.0,673.2223869797593
2176.0,24,7,1,0,0.6547619047619048,11,3,13,158.0,669.7223869797593
2177.0,24,7,1,0,0.6547619047619048,11,3,13,157.0,666.2223869797593
2178.0,24,7,1,0,0.6547619047619048,11,3,13,156.0,662.7223869797593
2179.0,24,7,1,0,0.6547619047619048,11,3,13,155.0,659.2223869797593
2180.0,24,7,1,0,0.6547619047619048,11,3,13,154.0,655.7223869797593
2181.0,24,7,1,0,0.6547619047619048,11,3,13,153.0,652.2223869797593
2182.0,24,7,1,0,0.6547619047619048,11,3,13,152.0,648.7223869797593
2183.0,24,7,1,0,0.6547619047619048,11,3,13,151.0,645.2223869797593
2184.0,24,7,1,0,0.6547619047619048,11,3,13,150.0,641.7223869797593
2185.0,24,7,1,0,0.6547619047619048,11,3,13,149.0,638.2223869797593
2186.0,24,7,1,0,0.6547619047619048,11,3,13,148.0,634.7223869797593
2187.0,24,7,1,0,0.6547619047619048,11,3,13,147.0,631.2223869797593
2188.0,23,7,1,0,0.6964285714285714,10,3,13,146.0,627.7223869797593
2189.0,23,7,1,0,0.6832298136645962,10,3,13,145.0,624.2223869797593
2190.0,23,7,1,0,0.6832298136645962,10,3,13,144.0,620.7223869797593
2191.0,23,7,1,0,0.6832298136645962,10,3,13,143.0,617.2223869797593
2192.0,23,7,1,0,0.6832298136645962,10,3,13,142.0,613.7223869797593
2193.0,23,7,1,0,0.6832298136645962,10,3,13,141.0,610.2223869797593
2194.0,23,7,1,0,0.6832298136645962,10,3,13,140.0,606.7223869797593
2195.0,23,7,1,0,0.6832298136645962,10,3,13,139.0,603.2223869797593
2196.0,23,7,1,0,0.6832298136645962,10,3,13,138.0,599.7223869797593
2197.0,23,7,1,0,0.6832298136645962,10,3,13,137.0,596.2223869797593
2198.0,23,7,1,0,0.6832298136645962,10,3,13,136.0,592.7223869797593
2199.0,23,7,1,0,0.6832298136645962,10,3,13,135.0,589.2223869797593
2200.0,23,7,1,0,0.6832298136645962,10,3,13,134.0,585.7223869797593
2201.0,23,7,1,0,0.6832298136645962,10,3,13,133.0,582.2223869797593
2202.0,23,7,1,0,0.6832298136645962,10,3,13,132.0,578.7223869797593
2203.0,23,7,1,0,0.6832298136645962,10,3,13,131.0,575.2223869797593
2204.0,23,7,1,0,0.6832298136645962,10,3,13,130.0,571.7223869797593
2205.0,23,7,1,0,0.6832298136645962,10,3,13,129.0,568.2223869797593
2206.0,23,7,1,0,0.6832298136645962,10,3,13,128.0,564.7223869797593
2207.0,23,7,1,0,0.6832298136645962,10,3,13,127.0,561.2223869797593
2208.0,23,7,1,0,0.6832298136645962,10,3,13,126.0,557.7223869797593
2209.0,23,7,1,0,0.6832298136645962,10,3,13,125.0,554.2223869797593
2210.0,23,7,1,0,0.7267080745341614,9,3,13,124.0,550.7223869797593
2211.0,23,7,1,0,0.7267080745341614,9,3,13,123.0,547.2223869797593
2212.0,23,7,1,0,0.7267080745341614,9,3,13,122.0,543.7223869797593
2213.0,23,7,1,0,0.7267080745341614,9,3,13,121.0,540.2223869797594
2214.0,23,7,1,0,0.7267080745341614,9,3,13,120.0,536.7223869797594
2215.0,23,7,1,0,0.7267080745341614,9,3,13,119.0,533.2223869797594
2216.0,23,7,1,0,0.7267080745341614,9,3,13,118.0,529.7223869797594
2217.0,23,7,1,0,0.7267080745341614,9,3,13,117.0,526.2223869797594
2218.0,23,7,1,0,0.7267080745341614,9,3,13,116.0,522.7223869797594
2219.0,23,7,1,0,0.7267080745341614,9,3,13,115.0,519.2223869797594
2220.0,23,7,1,0,0.7267080745341614,9,3,13,114.0,515.7223869797594
2221.0,23,7,1,0,0.7267080745341614,9,3,13,113.0,512.2223869797594
2222.0,23,7,1,0,0.7267080745341614,9,3,13,112.0,508.7223869797594
2223.0,23,7,1,0,0.7267080745341614,9,3,13,111.0,505.2223869797594
2224.0,23,7,1,0,0.7267080745341614,9,3,13,110.0,501.7223869797594
2225.0,23,7,1,0,0.7267080745341614,9,3,13,109.0,498.2223869797594
2226.0,23,7,1,0,0.7267080745341614,9,3,14,108.0,494.7223869797594
2227.0,23,7,1,0,0.7267080745341614,9,3,14,107.0,491.2223869797594
2228.0,23,7,1,0,0.7267080745341614,9,3,14,106.0,487.7223869797594
2229.0,23,7,1,0,0.7267080745341614,9,3,14,105.0,484.2223869797594
2230.0,23,7,1,0,0.7267080745341614,9,3,14,104.0,480.7223869797594
2231.0,23,7,1,0,0.7267080745341614,9,3,14,103.0,477.2223869797594
2232.0,23,7,1,0,0.7701863354037267,8,3,14,102.0,473.72238697975945
2233.0,23,7,1,0,0.7701863354037267,8,3,14,101.0,470.22238697975945
2234.0,23,7,1,0,0.7701863354037267,8,3,14,100.0,466.72238697975945
2235.0,23,7,1,0,0.7701863354037267,8,3,14,99.0,463.22238697975945
2236.0,23,7,1,0,0.7701863354037267,8,3,14,98.0,459.72238697975945
2237.0,23,7,1,0,0.7701863354037267,8,3,14,97.0,456.22238697975945
2238.0,23,7,1,0,0.7701863354037267,8,3,14,96.0,452.72238697975945
2239.0,23,7,1,0,0.7701863354037267,8,3,14,95.0,449.22238697975945
2240.0,23,7,1,0,0.7701863354037267,8,3,14,94.0,445.72238697975945
2241.0,23,7,1,0,0.7701863354037267,8,3,14,93.0,442.22238697975945
2242.0,23,7,1,0,0.7701863354037267,8,3,14,92.0,438.72238697975945
2243.0,22,7,1,0,0.7701863354037267,8,3,14,101.0,435.22238697975945
2244.0,22,7,1,0,0.7597402597402597,8,3,14,100.0,431.72238697975945
2245.0,22,7,1,0,0.7597402597402597,8,3,14,99.0,428.22238697975945
2246.0,22,7,1,0,0.7597402597402597,8,3,14,98.0,424.72238697975945
2247.0,22,7,1,0,0.7597402597402597,8,3,14,97.0,421.22238697975945
2248.0,22,7,1,0,0.7597402597402597,8,3,14,96.0,417.72238697975945
2249.0,22,7,1,0,0.7597402597402597,8,3,14,95.0,414.22238697975945
2250.0,22,7,1,0,0.7597402597402597,8,3,14,94.0,410.72238697975945
2251.0,22,7,1,0,0.7597402597402597,8,3,14,93.0,407.22238697975945
2252.0,22,7,1,0,0.7597402597402597,8,3,14,92.0,403.72238697975945
2253.0,22,7,1,0,0.7142857142857143,9,3,14,91.0,400.22238697975945
2254.0,22,7,1,0,0.7597402597402597,8,3,14,90.0,396.72238697975945
2255.0,22,7,1,0,0.7597402597402597,8,3,14,89.0,393.22238697975945
2256.0,22,7,1,0,0.7597402597402597,8,3,14,88.0,389.72238697975945
2257.0,22,7,1,0,0.7597402597402597,8,3,14,87.0,386.22238697975945
2258.0,22,7,1,0,0.7597402597402597,8,3,14,86.0,382.7223869797595
2259.0,22,7,1,0,0.7597402597402597,8,3,14,85.0,379.2223869797595
2260.0,22,7,1,0,0.7597402597402597,8,3,14,84.0,375.7223869797595
2261.0,22,7,1,0,0.7597402597402597,8,3,14,83.0,372.2223869797595
2262.0,22,0,0,0,0.0,0,3,14,82.0,368.7223869797595
2263.0,22,0,0,0,0.0,0,3,14,81.0,365.2223869797595
2264.0,22,0,0,0,0.0,0,3,14,80.0,361.7223869797595
2265.0,22,0,0,0,0.0,0,3,14,79.0,358.2223869797595
2266.0,22,0,0,0,0.0,0,3,14,78.0,354.7223869797595
2267.0,22,0,0,0,0.0,0,3,14,77.0,351.2223869797595
2268.0,22,0,0,0,0.0,0,3,14,76.0,347.7223869797595
2269.0,22,0,0,0,0.0,0,3,14,75.0,344.2223869797595
2270.0,22,0,0,0,0.0,0,3,14,74.0,340.7223869797595
2271.0,22,0,0,0,0.0,0,3,14,73.0,337.2223869797595
2272.0,22,0,0,0,0.0,0,3,14,72.0,333.7223869797595
2273.0,22,0,0,0,0.0,0,3,14,71.0,330.2223869797595
2274.0,22,0,0,0,0.0,0,3,14,70.0,326.7223869797595
2275.0,22,0,0,0,0.0,0,3,14,69.0,323.2223869797595
2276.0,22,0,0,0,0.0,0,3,14,68.0,319.7223869797595
2277.0,22,0,0,0,0.0,0,3,14,67.0,316.2223869797595
2278.0,22,0,0,0,0.0,0,3,14,66.0,312.7223869797595
2279.0,22,0,0,0,0.0,0,3,14,65.0,309.2223869797595
2280.0,22,0,0,0,0.0,0,3,14,64.0,305.7223869797595
2281.0,22,0,0,0,0.0,0,3,14,63.0,302.2223869797595
2282.0,22,0,0,0,0.0,0,3,14,62.0,298.7223869797595
2283.0,22,0,0,0,0.0,0,3,14,61.0,295.2223869797595
2284.0,22,7,1,0,0.8051948051948052,7,3,14,60.0,291.72238697975956
2285.0,22,7,1,0,0.8051948051948052,7,3,14,59.0,288.22238697975956
2286.0,22,7,1,0,0.8506493506493507,6,3,14,58.0,284.72238697975956
2287.0,22,7,1,0,0.8506493506493507,6,3,14,57.0,281.22238697975956
2288.0,22,7,1,0,0.8506493506493507,6,3,14,56.0,277.72238697975956
2289.0,22,7,1,0,0.8506493506493507,6,3,14,55.0,274.22238697975956
2290.0,22,7,1,0,0.8506493506493507,6,3,14,54.0,270.72238697975956
2291.0,22,7,1,0,0.8506493506493507,6,3,14,53.0,267.22238697975956
2292.0,22,7,1,0,0.8506493506493507,6,3,14,52.0,263.72238697975956
2293.0,22,7,1,0,0.8506493506493507,6,3,14,51.0,260.22238697975956
2294.0,22,7,1,0,0.8506493506493507,6,3,14,50.0,256.72238697975956
2295.0,22,7,1,0,0.8506493506493507,6,3,14,49.0,253.22238697975956
2296.0,22,7,1,0,0.8506493506493507,6,3,14,48.0,249.72238697975956
2297.0,22,7,1,0,0.8506493506493507,6,3,14,47.0,246.22238697975956
2298.0,22,7,1,0,0.8506493506493507,6,3,14,46.0,242.72238697975956
2299.0,22,7,1,0,0.8506493506493507,6,3,14,45.0,239.22238697975956
2300.0,22,7,1,0,0.8506493506493507,6,3,14,44.0,235.72238697975956
2301.0,22,7,1,0,0.8506493506493507,6,3,14,43.0,232.22238697975956
2302.0,22,7,1,0,0.8506493506493507,6,3,14,42.0,228.72238697975956
2303.0,22,7,1,0,0.8506493506493507,6,3,14,41.0,225.22238697975956
2304.0,22,7,1,0,0.8506493506493507,6,3,14,40.0,221.72238697975956
2305.0,22,7,1,0,0.8506493506493507,6,3,14,39.0,218.22238697975956
2306.0,22,7,1,0,0.8896103896103896,5,3,14,38.0,214.72238697975956
2307.0,22,7,1,0,0.8896103896103896,5,3,14,37.0,211.22238697975956
2308.0,22,7,1,0,0.8896103896103896,5,3,15,36.0,207.72238697975956
2309.0,22,7,1,0,0.8896103896103896,5,3,15,35.0,204.22238697975956
2310.0,22,7,1,0,0.8896103896103896,5,3,15,34.0,200.72238697975956
2311.0,22,7,1,0,0.8896103896103896,5,3,15,33.0,197.22238697975956
2312.0,22,7,1,0,0.8896103896103896,5,3,15,32.0,193.72238697975956
2313.0,22,7,1,0,0.8896103896103896,5,3,15,31.0,190.22238697975956
2314.0,22,7,1,0,0.8896103896103896,5,3,15,30.0,186.72238697975956
2315.0,22,7,1,0,0.8896103896103896,5,3,15,29.0,183.22238697975956
2316.0,22,7,1,0,0.8896103896103896,5,3,15,28.0,179.72238697975956
2317.0,22,7,1,0,0.8896103896103896,5,3,15,27.0,176.22238697975956
2318.0,22,7,1,0,0.8896103896103896,5,3,15,26.0,172.72238697975956
2319.0,22,7,1,0,0.8896103896103896,5,3,15,25.0,169.22238697975956
2320.0,21,7,1,0,0.8896103896103896,5,3,15,344.0,165.72238697975956
2321.0,21,7,1,0,0.8843537414965986,5,3,15,343.0,162.22238697975956
2322.0,21,7,1,0,0.8843537414965986,5,3,15,342.0,158.72238697975968
2323.0,21,7,1,0,0.8843537414965986,5,3,15,341.0,155.22238697975968
2324.0,21,7,1,0,0.8843537414965986,5,3,15,340.0,151.72238697975968
2325.0,21,7,1,0,0.8843537414965986,5,3,15,339.0,148.22238697975968
2326.0,21,7,1,0,0.8843537414965986,5,3,15,338.0,144.72238697975968
2327.0,21,7,1,0,0.8843537414965986,5,3,15,337.0,141.22238697975968
2328.0,21,7,1,0,0.8843537414965986,5,3,15,336.0,137.72238697975968
2329.0,21,7,1,0,0.8843537414965986,5,3,15,335.0,134.22238697975968
2330.0,21,7,1,0,0.8843537414965986,5,4,14,334.0,130.72238697975968
2331.0,22,7,1,0,0.8896103896103896,5,3,14,333.0,127.22238697975968
2332.0,22,7,1,0,0.8896103896103896,5,3,14,332.0,123.72238697975968
2333.0,22,7,1,0,0.8896103896103896,5,3,14,331.0,120.22238697975968
2334.0,22,7,1,0,0.8896103896103896,5,3,14,330.0,116.72238697975968
2335.0,22,7,1,0,0.8896103896103896,5,3,14,329.0,113.22238697975968
2336.0,22,7,1,0,0.8896103896103896,5,3,14,328.0,109.72238697975968
2337.0,22,7,1,0,0.8896103896103896,5,3,14,327.0,106.22238697975968
2338.0,22,7,1,0,0.8896103896103896,5,3,14,326.0,102.72238697975968
2339.0,22,7,1,0,0.8896103896103896,5,3,14,325.0,99.22238697975968
2340.0,22,7,1,0,0.8896103896103896,5,3,14,324.0,95.72238697975968
2341.0,22,7,1,0,0.8896103896103896,5,3,14,323.0,92.22238697975968
2342.0,22,7,1,0,0.8896103896103896,5,3,14,322.0,88.72238697975968
2343.0,22,7,1,0,0.8896103896103896,5,3,14,321.0,85.22238697975968
2344.0,22,7,1,0,0.8506493506493507,6,3,14,320.0,81.72238697975968
2345.0,22,7,1,0,0.8506493506493507,6,3,14,319.0,78.22238697975968
2346.0,22,7,1,0,0.8506493506493507,6,3,14,318.0,74.72238697975968
2347.0,22,7,1,0,0.8506493506493507,6,3,14,317.0,71.22238697975968
2348.0,22,7,1,0,0.8506493506493507,6,3,14,316.0,67.72238697975968
2349.0,22,7,1,0,0.8506493506493507,6,3,14,315.0,64.22238697975968
2350.0,22,7,1,0,0.8506493506493507,6,3,14,314.0,60.722386979759676
2351.0,22,7,1,0,0.8506493506493507,6,3,14,313.0,57.222386979759676
2352.0,22,7,1,0,0.8506493506493507,6,4,13,312.0,53.722386979759676
2353.0,23,7,1,0,0.8571428571428572,6,3,13,311.0,50.222386979759676
2354.0,23,7,1,0,0.9006211180124224,5,3,13,310.0,46.722386979759676
2355.0,23,7,1,0,0.9006211180124224,5,3,13,309.0,43.222386979759676
2356.0,23,7,1,0,0.9006211180124224,5,3,13,308.0,39.722386979759676
2357.0,23,7,1,0,0.9006211180124224,5,3,13,307.0,36.222386979759676
